regist_time,rowid,bsv_name,req_no,que_name,usr_name,subreq_no,rerun_count,p_rerun_count,que_time,req_type,start_time,end_time,priority,elps_time,etime,termcode,njobs,n_acct_records,reqve_num,rsvve_num,cputim_req,cpunum_req,memsz_req,gpunum_req,elaps_j,maxmem,stime,cstime,utime,cutime,kcore_min,ve_utime,ve_kcore_min,ve_mem,ve_maxmem,gpunum_msec,ve_req_node_num_msec,ve_rsv_node_num_msec,iflag,mem,ps_ve_cpu,ps_ve_kcore_min,ps_ve_mem,ps_ve_time_slice,ps_ve_mflops,ps_ve_mflops_real,ps_ve_fpec,ps_ve_syscall,ps_ve_vh_data_trans,ps_ve_num_procs,ps_ve_instruct,ps_vector_inst,ps_vector_elmt,ps_vector_exe,ps_ve_l1_chache_miss,ps_ve_cpu_port_conf,ps_ve_arith_exec,ps_ve_load_exec,ps_ve_load_exec_elem,ps_ve_power_throt,ps_ve_thermal_throt,ps_ve_max_ntask,ps_ve_op_ratio,ps_ve_fmae,ps_ve_elaps_time,wait_time,jobacct_flg,opt1_int,opt2_int,opt3_int,opt4_text
2021/1/1 0:00:00,?NULL?,?NULL?,1,que,?NULL?,?NULL?,?NULL?,?NULL?,2021/1/1 0:00:00,?NULL?,2021/1/1 0:00:00,2021/1/1 0:00:00,?NULL?,4200,4100,?NULL?,18,?NULL?,144,144,?NULL?,36,?NULL?,?NULL?,?NULL?,?NULL?,?NULL?,?NULL?,?NULL?,?NULL?,?NULL?,?NULL?,?NULL?,?NULL?,100,?NULL?,?NULL?,?NULL?,?NULL?,?NULL?,?NULL?,?NULL?,?NULL?,?NULL?,?NULL?,?NULL?,?NULL?,?NULL?,?NULL?,?NULL?,?NULL?,?NULL?,?NULL?,?NULL?,?NULL?,?NULL?,?NULL?,?NULL?,?NULL?,?NULL?,?NULL?,?NULL?,?NULL?,?NULL?,?NULL?,?NULL?,?NULL?,?NULL?,?NULL?,?NULL?,?NULL?
2021/1/1 0:00:00,?NULL?,?NULL?,2,normal,?NULL?,?NULL?,?NULL?,?NULL?,2021/1/1 0:00:00,?NULL?,2021/1/1 0:00:00,2021/1/1 0:00:00,?NULL?,684,584,?NULL?,1,?NULL?,8,8,?NULL?,2,?NULL?,?NULL?,?NULL?,?NULL?,?NULL?,?NULL?,?NULL?,?NULL?,?NULL?,?NULL?,?NULL?,?NULL?,2,?NULL?,?NULL?,?NULL?,?NULL?,?NULL?,?NULL?,?NULL?,?NULL?,?NULL?,?NULL?,?NULL?,?NULL?,?NULL?,?NULL?,?NULL?,?NULL?,?NULL?,?NULL?,?NULL?,?NULL?,?NULL?,?NULL?,?NULL?,?NULL?,?NULL?,?NULL?,?NULL?,?NULL?,?NULL?,?NULL?,?NULL?,?NULL?,?NULL?,?NULL?,?NULL?,?NULL?
2021/1/1 0:00:00,?NULL?,?NULL?,3,normal,?NULL?,?NULL?,?NULL?,?NULL?,2021/1/1 0:00:00,?NULL?,2021/1/1 0:00:00,2021/1/1 0:00:00,?NULL?,592,492,?NULL?,1,?NULL?,8,8,?NULL?,2,?NULL?,?NULL?,?NULL?,?NULL?,?NULL?,?NULL?,?NULL?,?NULL?,?NULL?,?NULL?,?NULL?,?NULL?,3,?NULL?,?NULL?,?NULL?,?NULL?,?NULL?,?NULL?,?NULL?,?NULL?,?NULL?,?NULL?,?NULL?,?NULL?,?NULL?,?NULL?,?NULL?,?NULL?,?NULL?,?NULL?,?NULL?,?NULL?,?NULL?,?NULL?,?NULL?,?NULL?,?NULL?,?NULL?,?NULL?,?NULL?,?NULL?,?NULL?,?NULL?,?NULL?,?NULL?,?NULL?,?NULL?,?NULL?
2021/1/1 0:00:00,?NULL?,?NULL?,4,normal,?NULL?,?NULL?,?NULL?,?NULL?,2021/1/1 0:00:00,?NULL?,2021/1/1 0:00:00,2021/1/1 0:00:00,?NULL?,324,224,?NULL?,1,?NULL?,8,8,?NULL?,2,?NULL?,?NULL?,?NULL?,?NULL?,?NULL?,?NULL?,?NULL?,?NULL?,?NULL?,?NULL?,?NULL?,?NULL?,4,?NULL?,?NULL?,?NULL?,?NULL?,?NULL?,?NULL?,?NULL?,?NULL?,?NULL?,?NULL?,?NULL?,?NULL?,?NULL?,?NULL?,?NULL?,?NULL?,?NULL?,?NULL?,?NULL?,?NULL?,?NULL?,?NULL?,?NULL?,?NULL?,?NULL?,?NULL?,?NULL?,?NULL?,?NULL?,?NULL?,?NULL?,?NULL?,?NULL?,?NULL?,?NULL?,?NULL?
2021/1/1 0:00:00,?NULL?,?NULL?,5,normal,?NULL?,?NULL?,?NULL?,?NULL?,2021/1/1 0:00:00,?NULL?,2021/1/1 0:00:00,2021/1/1 0:00:00,?NULL?,635,535,?NULL?,1,?NULL?,8,8,?NULL?,2,?NULL?,?NULL?,?NULL?,?NULL?,?NULL?,?NULL?,?NULL?,?NULL?,?NULL?,?NULL?,?NULL?,?NULL?,5,?NULL?,?NULL?,?NULL?,?NULL?,?NULL?,?NULL?,?NULL?,?NULL?,?NULL?,?NULL?,?NULL?,?NULL?,?NULL?,?NULL?,?NULL?,?NULL?,?NULL?,?NULL?,?NULL?,?NULL?,?NULL?,?NULL?,?NULL?,?NULL?,?NULL?,?NULL?,?NULL?,?NULL?,?NULL?,?NULL?,?NULL?,?NULL?,?NULL?,?NULL?,?NULL?,?NULL?
2021/1/1 0:00:00,?NULL?,?NULL?,6,normal,?NULL?,?NULL?,?NULL?,?NULL?,2021/1/1 0:00:00,?NULL?,2021/1/1 0:00:00,2021/1/1 0:00:00,?NULL?,609,509,?NULL?,1,?NULL?,8,8,?NULL?,2,?NULL?,?NULL?,?NULL?,?NULL?,?NULL?,?NULL?,?NULL?,?NULL?,?NULL?,?NULL?,?NULL?,?NULL?,6,?NULL?,?NULL?,?NULL?,?NULL?,?NULL?,?NULL?,?NULL?,?NULL?,?NULL?,?NULL?,?NULL?,?NULL?,?NULL?,?NULL?,?NULL?,?NULL?,?NULL?,?NULL?,?NULL?,?NULL?,?NULL?,?NULL?,?NULL?,?NULL?,?NULL?,?NULL?,?NULL?,?NULL?,?NULL?,?NULL?,?NULL?,?NULL?,?NULL?,?NULL?,?NULL?,?NULL?
2021/1/1 0:00:00,?NULL?,?NULL?,7,normal,?NULL?,?NULL?,?NULL?,?NULL?,2021/1/1 0:00:00,?NULL?,2021/1/1 0:00:00,2021/1/1 0:00:00,?NULL?,356,256,?NULL?,1,?NULL?,8,8,?NULL?,2,?NULL?,?NULL?,?NULL?,?NULL?,?NULL?,?NULL?,?NULL?,?NULL?,?NULL?,?NULL?,?NULL?,?NULL?,7,?NULL?,?NULL?,?NULL?,?NULL?,?NULL?,?NULL?,?NULL?,?NULL?,?NULL?,?NULL?,?NULL?,?NULL?,?NULL?,?NULL?,?NULL?,?NULL?,?NULL?,?NULL?,?NULL?,?NULL?,?NULL?,?NULL?,?NULL?,?NULL?,?NULL?,?NULL?,?NULL?,?NULL?,?NULL?,?NULL?,?NULL?,?NULL?,?NULL?,?NULL?,?NULL?,?NULL?
2021/1/1 0:00:00,?NULL?,?NULL?,8,normal,?NULL?,?NULL?,?NULL?,?NULL?,2021/1/1 0:00:00,?NULL?,2021/1/1 0:00:00,2021/1/1 0:00:00,?NULL?,598,498,?NULL?,1,?NULL?,8,8,?NULL?,2,?NULL?,?NULL?,?NULL?,?NULL?,?NULL?,?NULL?,?NULL?,?NULL?,?NULL?,?NULL?,?NULL?,?NULL?,8,?NULL?,?NULL?,?NULL?,?NULL?,?NULL?,?NULL?,?NULL?,?NULL?,?NULL?,?NULL?,?NULL?,?NULL?,?NULL?,?NULL?,?NULL?,?NULL?,?NULL?,?NULL?,?NULL?,?NULL?,?NULL?,?NULL?,?NULL?,?NULL?,?NULL?,?NULL?,?NULL?,?NULL?,?NULL?,?NULL?,?NULL?,?NULL?,?NULL?,?NULL?,?NULL?,?NULL?
2021/1/1 0:00:00,?NULL?,?NULL?,9,normal,?NULL?,?NULL?,?NULL?,?NULL?,2021/1/1 0:00:00,?NULL?,2021/1/1 0:00:00,2021/1/1 0:00:00,?NULL?,664,564,?NULL?,1,?NULL?,8,8,?NULL?,2,?NULL?,?NULL?,?NULL?,?NULL?,?NULL?,?NULL?,?NULL?,?NULL?,?NULL?,?NULL?,?NULL?,?NULL?,9,?NULL?,?NULL?,?NULL?,?NULL?,?NULL?,?NULL?,?NULL?,?NULL?,?NULL?,?NULL?,?NULL?,?NULL?,?NULL?,?NULL?,?NULL?,?NULL?,?NULL?,?NULL?,?NULL?,?NULL?,?NULL?,?NULL?,?NULL?,?NULL?,?NULL?,?NULL?,?NULL?,?NULL?,?NULL?,?NULL?,?NULL?,?NULL?,?NULL?,?NULL?,?NULL?,?NULL?
2021/1/1 0:00:00,?NULL?,?NULL?,10,normal,?NULL?,?NULL?,?NULL?,?NULL?,2021/1/1 0:00:00,?NULL?,2021/1/1 0:00:00,2021/1/1 0:00:00,?NULL?,338,238,?NULL?,1,?NULL?,8,8,?NULL?,2,?NULL?,?NULL?,?NULL?,?NULL?,?NULL?,?NULL?,?NULL?,?NULL?,?NULL?,?NULL?,?NULL?,?NULL?,10,?NULL?,?NULL?,?NULL?,?NULL?,?NULL?,?NULL?,?NULL?,?NULL?,?NULL?,?NULL?,?NULL?,?NULL?,?NULL?,?NULL?,?NULL?,?NULL?,?NULL?,?NULL?,?NULL?,?NULL?,?NULL?,?NULL?,?NULL?,?NULL?,?NULL?,?NULL?,?NULL?,?NULL?,?NULL?,?NULL?,?NULL?,?NULL?,?NULL?,?NULL?,?NULL?,?NULL?
2021/1/1 0:00:00,?NULL?,?NULL?,11,normal,?NULL?,?NULL?,?NULL?,?NULL?,2021/1/1 0:00:00,?NULL?,2021/1/1 0:00:00,2021/1/1 0:00:00,?NULL?,603,503,?NULL?,1,?NULL?,8,8,?NULL?,2,?NULL?,?NULL?,?NULL?,?NULL?,?NULL?,?NULL?,?NULL?,?NULL?,?NULL?,?NULL?,?NULL?,?NULL?,11,?NULL?,?NULL?,?NULL?,?NULL?,?NULL?,?NULL?,?NULL?,?NULL?,?NULL?,?NULL?,?NULL?,?NULL?,?NULL?,?NULL?,?NULL?,?NULL?,?NULL?,?NULL?,?NULL?,?NULL?,?NULL?,?NULL?,?NULL?,?NULL?,?NULL?,?NULL?,?NULL?,?NULL?,?NULL?,?NULL?,?NULL?,?NULL?,?NULL?,?NULL?,?NULL?,?NULL?
2021/1/1 0:00:00,?NULL?,?NULL?,12,normal,?NULL?,?NULL?,?NULL?,?NULL?,2021/1/1 0:00:00,?NULL?,2021/1/1 0:00:00,2021/1/1 0:00:00,?NULL?,646,546,?NULL?,1,?NULL?,8,8,?NULL?,2,?NULL?,?NULL?,?NULL?,?NULL?,?NULL?,?NULL?,?NULL?,?NULL?,?NULL?,?NULL?,?NULL?,?NULL?,12,?NULL?,?NULL?,?NULL?,?NULL?,?NULL?,?NULL?,?NULL?,?NULL?,?NULL?,?NULL?,?NULL?,?NULL?,?NULL?,?NULL?,?NULL?,?NULL?,?NULL?,?NULL?,?NULL?,?NULL?,?NULL?,?NULL?,?NULL?,?NULL?,?NULL?,?NULL?,?NULL?,?NULL?,?NULL?,?NULL?,?NULL?,?NULL?,?NULL?,?NULL?,?NULL?,?NULL?
2021/1/1 0:00:00,?NULL?,?NULL?,13,normal,?NULL?,?NULL?,?NULL?,?NULL?,2021/1/1 0:00:00,?NULL?,2021/1/1 0:00:00,2021/1/1 0:00:00,?NULL?,351,251,?NULL?,1,?NULL?,8,8,?NULL?,2,?NULL?,?NULL?,?NULL?,?NULL?,?NULL?,?NULL?,?NULL?,?NULL?,?NULL?,?NULL?,?NULL?,?NULL?,13,?NULL?,?NULL?,?NULL?,?NULL?,?NULL?,?NULL?,?NULL?,?NULL?,?NULL?,?NULL?,?NULL?,?NULL?,?NULL?,?NULL?,?NULL?,?NULL?,?NULL?,?NULL?,?NULL?,?NULL?,?NULL?,?NULL?,?NULL?,?NULL?,?NULL?,?NULL?,?NULL?,?NULL?,?NULL?,?NULL?,?NULL?,?NULL?,?NULL?,?NULL?,?NULL?,?NULL?
2021/1/1 0:00:00,?NULL?,?NULL?,14,normal,?NULL?,?NULL?,?NULL?,?NULL?,2021/1/1 0:00:00,?NULL?,2021/1/1 0:00:00,2021/1/1 0:00:00,?NULL?,571,471,?NULL?,1,?NULL?,8,8,?NULL?,2,?NULL?,?NULL?,?NULL?,?NULL?,?NULL?,?NULL?,?NULL?,?NULL?,?NULL?,?NULL?,?NULL?,?NULL?,14,?NULL?,?NULL?,?NULL?,?NULL?,?NULL?,?NULL?,?NULL?,?NULL?,?NULL?,?NULL?,?NULL?,?NULL?,?NULL?,?NULL?,?NULL?,?NULL?,?NULL?,?NULL?,?NULL?,?NULL?,?NULL?,?NULL?,?NULL?,?NULL?,?NULL?,?NULL?,?NULL?,?NULL?,?NULL?,?NULL?,?NULL?,?NULL?,?NULL?,?NULL?,?NULL?,?NULL?
2021/1/1 0:00:00,?NULL?,?NULL?,15,normal,?NULL?,?NULL?,?NULL?,?NULL?,2021/1/1 0:00:00,?NULL?,2021/1/1 0:00:00,2021/1/1 0:00:00,?NULL?,600,500,?NULL?,1,?NULL?,8,8,?NULL?,2,?NULL?,?NULL?,?NULL?,?NULL?,?NULL?,?NULL?,?NULL?,?NULL?,?NULL?,?NULL?,?NULL?,?NULL?,15,?NULL?,?NULL?,?NULL?,?NULL?,?NULL?,?NULL?,?NULL?,?NULL?,?NULL?,?NULL?,?NULL?,?NULL?,?NULL?,?NULL?,?NULL?,?NULL?,?NULL?,?NULL?,?NULL?,?NULL?,?NULL?,?NULL?,?NULL?,?NULL?,?NULL?,?NULL?,?NULL?,?NULL?,?NULL?,?NULL?,?NULL?,?NULL?,?NULL?,?NULL?,?NULL?,?NULL?
2021/1/1 0:00:00,?NULL?,?NULL?,16,normal,?NULL?,?NULL?,?NULL?,?NULL?,2021/1/1 0:00:00,?NULL?,2021/1/1 0:00:00,2021/1/1 0:00:00,?NULL?,429,329,?NULL?,1,?NULL?,8,8,?NULL?,2,?NULL?,?NULL?,?NULL?,?NULL?,?NULL?,?NULL?,?NULL?,?NULL?,?NULL?,?NULL?,?NULL?,?NULL?,16,?NULL?,?NULL?,?NULL?,?NULL?,?NULL?,?NULL?,?NULL?,?NULL?,?NULL?,?NULL?,?NULL?,?NULL?,?NULL?,?NULL?,?NULL?,?NULL?,?NULL?,?NULL?,?NULL?,?NULL?,?NULL?,?NULL?,?NULL?,?NULL?,?NULL?,?NULL?,?NULL?,?NULL?,?NULL?,?NULL?,?NULL?,?NULL?,?NULL?,?NULL?,?NULL?,?NULL?
2021/1/1 0:00:00,?NULL?,?NULL?,17,normal,?NULL?,?NULL?,?NULL?,?NULL?,2021/1/1 0:00:00,?NULL?,2021/1/1 0:00:00,2021/1/1 0:00:00,?NULL?,555,455,?NULL?,1,?NULL?,8,8,?NULL?,2,?NULL?,?NULL?,?NULL?,?NULL?,?NULL?,?NULL?,?NULL?,?NULL?,?NULL?,?NULL?,?NULL?,?NULL?,17,?NULL?,?NULL?,?NULL?,?NULL?,?NULL?,?NULL?,?NULL?,?NULL?,?NULL?,?NULL?,?NULL?,?NULL?,?NULL?,?NULL?,?NULL?,?NULL?,?NULL?,?NULL?,?NULL?,?NULL?,?NULL?,?NULL?,?NULL?,?NULL?,?NULL?,?NULL?,?NULL?,?NULL?,?NULL?,?NULL?,?NULL?,?NULL?,?NULL?,?NULL?,?NULL?,?NULL?
2021/1/1 0:00:00,?NULL?,?NULL?,18,normal,?NULL?,?NULL?,?NULL?,?NULL?,2021/1/1 0:00:00,?NULL?,2021/1/1 0:00:00,2021/1/1 0:00:00,?NULL?,582,482,?NULL?,1,?NULL?,8,8,?NULL?,2,?NULL?,?NULL?,?NULL?,?NULL?,?NULL?,?NULL?,?NULL?,?NULL?,?NULL?,?NULL?,?NULL?,?NULL?,18,?NULL?,?NULL?,?NULL?,?NULL?,?NULL?,?NULL?,?NULL?,?NULL?,?NULL?,?NULL?,?NULL?,?NULL?,?NULL?,?NULL?,?NULL?,?NULL?,?NULL?,?NULL?,?NULL?,?NULL?,?NULL?,?NULL?,?NULL?,?NULL?,?NULL?,?NULL?,?NULL?,?NULL?,?NULL?,?NULL?,?NULL?,?NULL?,?NULL?,?NULL?,?NULL?,?NULL?
2021/1/1 0:00:00,?NULL?,?NULL?,19,normal,?NULL?,?NULL?,?NULL?,?NULL?,2021/1/1 0:00:00,?NULL?,2021/1/1 0:00:00,2021/1/1 0:00:00,?NULL?,463,363,?NULL?,1,?NULL?,8,8,?NULL?,2,?NULL?,?NULL?,?NULL?,?NULL?,?NULL?,?NULL?,?NULL?,?NULL?,?NULL?,?NULL?,?NULL?,?NULL?,19,?NULL?,?NULL?,?NULL?,?NULL?,?NULL?,?NULL?,?NULL?,?NULL?,?NULL?,?NULL?,?NULL?,?NULL?,?NULL?,?NULL?,?NULL?,?NULL?,?NULL?,?NULL?,?NULL?,?NULL?,?NULL?,?NULL?,?NULL?,?NULL?,?NULL?,?NULL?,?NULL?,?NULL?,?NULL?,?NULL?,?NULL?,?NULL?,?NULL?,?NULL?,?NULL?,?NULL?
2021/1/1 0:00:00,?NULL?,?NULL?,20,normal,?NULL?,?NULL?,?NULL?,?NULL?,2021/1/1 0:00:00,?NULL?,2021/1/1 0:00:00,2021/1/1 0:00:00,?NULL?,661,561,?NULL?,1,?NULL?,8,8,?NULL?,2,?NULL?,?NULL?,?NULL?,?NULL?,?NULL?,?NULL?,?NULL?,?NULL?,?NULL?,?NULL?,?NULL?,?NULL?,20,?NULL?,?NULL?,?NULL?,?NULL?,?NULL?,?NULL?,?NULL?,?NULL?,?NULL?,?NULL?,?NULL?,?NULL?,?NULL?,?NULL?,?NULL?,?NULL?,?NULL?,?NULL?,?NULL?,?NULL?,?NULL?,?NULL?,?NULL?,?NULL?,?NULL?,?NULL?,?NULL?,?NULL?,?NULL?,?NULL?,?NULL?,?NULL?,?NULL?,?NULL?,?NULL?,?NULL?
2021/1/1 0:00:00,?NULL?,?NULL?,21,normal,?NULL?,?NULL?,?NULL?,?NULL?,2021/1/1 0:00:00,?NULL?,2021/1/1 0:00:00,2021/1/1 0:00:00,?NULL?,592,492,?NULL?,1,?NULL?,8,8,?NULL?,2,?NULL?,?NULL?,?NULL?,?NULL?,?NULL?,?NULL?,?NULL?,?NULL?,?NULL?,?NULL?,?NULL?,?NULL?,21,?NULL?,?NULL?,?NULL?,?NULL?,?NULL?,?NULL?,?NULL?,?NULL?,?NULL?,?NULL?,?NULL?,?NULL?,?NULL?,?NULL?,?NULL?,?NULL?,?NULL?,?NULL?,?NULL?,?NULL?,?NULL?,?NULL?,?NULL?,?NULL?,?NULL?,?NULL?,?NULL?,?NULL?,?NULL?,?NULL?,?NULL?,?NULL?,?NULL?,?NULL?,?NULL?,?NULL?
2021/1/1 0:00:00,?NULL?,?NULL?,22,normal,?NULL?,?NULL?,?NULL?,?NULL?,2021/1/1 0:00:00,?NULL?,2021/1/1 0:00:00,2021/1/1 0:00:00,?NULL?,347,247,?NULL?,1,?NULL?,8,8,?NULL?,2,?NULL?,?NULL?,?NULL?,?NULL?,?NULL?,?NULL?,?NULL?,?NULL?,?NULL?,?NULL?,?NULL?,?NULL?,22,?NULL?,?NULL?,?NULL?,?NULL?,?NULL?,?NULL?,?NULL?,?NULL?,?NULL?,?NULL?,?NULL?,?NULL?,?NULL?,?NULL?,?NULL?,?NULL?,?NULL?,?NULL?,?NULL?,?NULL?,?NULL?,?NULL?,?NULL?,?NULL?,?NULL?,?NULL?,?NULL?,?NULL?,?NULL?,?NULL?,?NULL?,?NULL?,?NULL?,?NULL?,?NULL?,?NULL?
2021/1/1 0:00:00,?NULL?,?NULL?,23,normal,?NULL?,?NULL?,?NULL?,?NULL?,2021/1/1 0:00:00,?NULL?,2021/1/1 0:00:00,2021/1/1 0:00:00,?NULL?,531,431,?NULL?,1,?NULL?,8,8,?NULL?,2,?NULL?,?NULL?,?NULL?,?NULL?,?NULL?,?NULL?,?NULL?,?NULL?,?NULL?,?NULL?,?NULL?,?NULL?,23,?NULL?,?NULL?,?NULL?,?NULL?,?NULL?,?NULL?,?NULL?,?NULL?,?NULL?,?NULL?,?NULL?,?NULL?,?NULL?,?NULL?,?NULL?,?NULL?,?NULL?,?NULL?,?NULL?,?NULL?,?NULL?,?NULL?,?NULL?,?NULL?,?NULL?,?NULL?,?NULL?,?NULL?,?NULL?,?NULL?,?NULL?,?NULL?,?NULL?,?NULL?,?NULL?,?NULL?
2021/1/1 0:00:00,?NULL?,?NULL?,24,normal,?NULL?,?NULL?,?NULL?,?NULL?,2021/1/1 0:00:00,?NULL?,2021/1/1 0:00:00,2021/1/1 0:00:00,?NULL?,570,470,?NULL?,1,?NULL?,8,8,?NULL?,2,?NULL?,?NULL?,?NULL?,?NULL?,?NULL?,?NULL?,?NULL?,?NULL?,?NULL?,?NULL?,?NULL?,?NULL?,24,?NULL?,?NULL?,?NULL?,?NULL?,?NULL?,?NULL?,?NULL?,?NULL?,?NULL?,?NULL?,?NULL?,?NULL?,?NULL?,?NULL?,?NULL?,?NULL?,?NULL?,?NULL?,?NULL?,?NULL?,?NULL?,?NULL?,?NULL?,?NULL?,?NULL?,?NULL?,?NULL?,?NULL?,?NULL?,?NULL?,?NULL?,?NULL?,?NULL?,?NULL?,?NULL?,?NULL?
2021/1/1 0:00:00,?NULL?,?NULL?,25,normal,?NULL?,?NULL?,?NULL?,?NULL?,2021/1/1 0:00:00,?NULL?,2021/1/1 0:00:00,2021/1/1 0:00:00,?NULL?,499,399,?NULL?,1,?NULL?,8,8,?NULL?,2,?NULL?,?NULL?,?NULL?,?NULL?,?NULL?,?NULL?,?NULL?,?NULL?,?NULL?,?NULL?,?NULL?,?NULL?,25,?NULL?,?NULL?,?NULL?,?NULL?,?NULL?,?NULL?,?NULL?,?NULL?,?NULL?,?NULL?,?NULL?,?NULL?,?NULL?,?NULL?,?NULL?,?NULL?,?NULL?,?NULL?,?NULL?,?NULL?,?NULL?,?NULL?,?NULL?,?NULL?,?NULL?,?NULL?,?NULL?,?NULL?,?NULL?,?NULL?,?NULL?,?NULL?,?NULL?,?NULL?,?NULL?,?NULL?
2021/1/1 0:00:00,?NULL?,?NULL?,26,normal,?NULL?,?NULL?,?NULL?,?NULL?,2021/1/1 0:00:00,?NULL?,2021/1/1 0:00:00,2021/1/1 0:00:00,?NULL?,667,567,?NULL?,1,?NULL?,8,8,?NULL?,2,?NULL?,?NULL?,?NULL?,?NULL?,?NULL?,?NULL?,?NULL?,?NULL?,?NULL?,?NULL?,?NULL?,?NULL?,26,?NULL?,?NULL?,?NULL?,?NULL?,?NULL?,?NULL?,?NULL?,?NULL?,?NULL?,?NULL?,?NULL?,?NULL?,?NULL?,?NULL?,?NULL?,?NULL?,?NULL?,?NULL?,?NULL?,?NULL?,?NULL?,?NULL?,?NULL?,?NULL?,?NULL?,?NULL?,?NULL?,?NULL?,?NULL?,?NULL?,?NULL?,?NULL?,?NULL?,?NULL?,?NULL?,?NULL?
2021/1/1 0:00:00,?NULL?,?NULL?,27,normal,?NULL?,?NULL?,?NULL?,?NULL?,2021/1/1 0:00:00,?NULL?,2021/1/1 0:00:00,2021/1/1 0:00:00,?NULL?,624,524,?NULL?,1,?NULL?,8,8,?NULL?,2,?NULL?,?NULL?,?NULL?,?NULL?,?NULL?,?NULL?,?NULL?,?NULL?,?NULL?,?NULL?,?NULL?,?NULL?,27,?NULL?,?NULL?,?NULL?,?NULL?,?NULL?,?NULL?,?NULL?,?NULL?,?NULL?,?NULL?,?NULL?,?NULL?,?NULL?,?NULL?,?NULL?,?NULL?,?NULL?,?NULL?,?NULL?,?NULL?,?NULL?,?NULL?,?NULL?,?NULL?,?NULL?,?NULL?,?NULL?,?NULL?,?NULL?,?NULL?,?NULL?,?NULL?,?NULL?,?NULL?,?NULL?,?NULL?
2021/1/1 0:00:00,?NULL?,?NULL?,28,normal,?NULL?,?NULL?,?NULL?,?NULL?,2021/1/1 0:00:00,?NULL?,2021/1/1 0:00:00,2021/1/1 0:00:00,?NULL?,309,209,?NULL?,1,?NULL?,8,8,?NULL?,2,?NULL?,?NULL?,?NULL?,?NULL?,?NULL?,?NULL?,?NULL?,?NULL?,?NULL?,?NULL?,?NULL?,?NULL?,28,?NULL?,?NULL?,?NULL?,?NULL?,?NULL?,?NULL?,?NULL?,?NULL?,?NULL?,?NULL?,?NULL?,?NULL?,?NULL?,?NULL?,?NULL?,?NULL?,?NULL?,?NULL?,?NULL?,?NULL?,?NULL?,?NULL?,?NULL?,?NULL?,?NULL?,?NULL?,?NULL?,?NULL?,?NULL?,?NULL?,?NULL?,?NULL?,?NULL?,?NULL?,?NULL?,?NULL?
2021/1/1 0:00:00,?NULL?,?NULL?,29,normal,?NULL?,?NULL?,?NULL?,?NULL?,2021/1/1 0:00:00,?NULL?,2021/1/1 0:00:00,2021/1/1 0:00:00,?NULL?,570,470,?NULL?,1,?NULL?,8,8,?NULL?,2,?NULL?,?NULL?,?NULL?,?NULL?,?NULL?,?NULL?,?NULL?,?NULL?,?NULL?,?NULL?,?NULL?,?NULL?,29,?NULL?,?NULL?,?NULL?,?NULL?,?NULL?,?NULL?,?NULL?,?NULL?,?NULL?,?NULL?,?NULL?,?NULL?,?NULL?,?NULL?,?NULL?,?NULL?,?NULL?,?NULL?,?NULL?,?NULL?,?NULL?,?NULL?,?NULL?,?NULL?,?NULL?,?NULL?,?NULL?,?NULL?,?NULL?,?NULL?,?NULL?,?NULL?,?NULL?,?NULL?,?NULL?,?NULL?
2021/1/1 0:00:00,?NULL?,?NULL?,30,normal,?NULL?,?NULL?,?NULL?,?NULL?,2021/1/1 0:00:00,?NULL?,2021/1/1 0:00:00,2021/1/1 0:00:00,?NULL?,537,437,?NULL?,1,?NULL?,8,8,?NULL?,2,?NULL?,?NULL?,?NULL?,?NULL?,?NULL?,?NULL?,?NULL?,?NULL?,?NULL?,?NULL?,?NULL?,?NULL?,30,?NULL?,?NULL?,?NULL?,?NULL?,?NULL?,?NULL?,?NULL?,?NULL?,?NULL?,?NULL?,?NULL?,?NULL?,?NULL?,?NULL?,?NULL?,?NULL?,?NULL?,?NULL?,?NULL?,?NULL?,?NULL?,?NULL?,?NULL?,?NULL?,?NULL?,?NULL?,?NULL?,?NULL?,?NULL?,?NULL?,?NULL?,?NULL?,?NULL?,?NULL?,?NULL?,?NULL?
2021/1/1 0:00:00,?NULL?,?NULL?,31,normal,?NULL?,?NULL?,?NULL?,?NULL?,2021/1/1 0:00:00,?NULL?,2021/1/1 0:00:00,2021/1/1 0:00:00,?NULL?,493,393,?NULL?,1,?NULL?,8,8,?NULL?,2,?NULL?,?NULL?,?NULL?,?NULL?,?NULL?,?NULL?,?NULL?,?NULL?,?NULL?,?NULL?,?NULL?,?NULL?,31,?NULL?,?NULL?,?NULL?,?NULL?,?NULL?,?NULL?,?NULL?,?NULL?,?NULL?,?NULL?,?NULL?,?NULL?,?NULL?,?NULL?,?NULL?,?NULL?,?NULL?,?NULL?,?NULL?,?NULL?,?NULL?,?NULL?,?NULL?,?NULL?,?NULL?,?NULL?,?NULL?,?NULL?,?NULL?,?NULL?,?NULL?,?NULL?,?NULL?,?NULL?,?NULL?,?NULL?
2021/1/1 0:00:00,?NULL?,?NULL?,32,normal,?NULL?,?NULL?,?NULL?,?NULL?,2021/1/1 0:00:00,?NULL?,2021/1/1 0:00:00,2021/1/1 0:00:00,?NULL?,554,454,?NULL?,1,?NULL?,8,8,?NULL?,2,?NULL?,?NULL?,?NULL?,?NULL?,?NULL?,?NULL?,?NULL?,?NULL?,?NULL?,?NULL?,?NULL?,?NULL?,32,?NULL?,?NULL?,?NULL?,?NULL?,?NULL?,?NULL?,?NULL?,?NULL?,?NULL?,?NULL?,?NULL?,?NULL?,?NULL?,?NULL?,?NULL?,?NULL?,?NULL?,?NULL?,?NULL?,?NULL?,?NULL?,?NULL?,?NULL?,?NULL?,?NULL?,?NULL?,?NULL?,?NULL?,?NULL?,?NULL?,?NULL?,?NULL?,?NULL?,?NULL?,?NULL?,?NULL?
2021/1/1 0:00:00,?NULL?,?NULL?,33,normal,?NULL?,?NULL?,?NULL?,?NULL?,2021/1/1 0:00:00,?NULL?,2021/1/1 0:00:00,2021/1/1 0:00:00,?NULL?,597,497,?NULL?,1,?NULL?,8,8,?NULL?,2,?NULL?,?NULL?,?NULL?,?NULL?,?NULL?,?NULL?,?NULL?,?NULL?,?NULL?,?NULL?,?NULL?,?NULL?,33,?NULL?,?NULL?,?NULL?,?NULL?,?NULL?,?NULL?,?NULL?,?NULL?,?NULL?,?NULL?,?NULL?,?NULL?,?NULL?,?NULL?,?NULL?,?NULL?,?NULL?,?NULL?,?NULL?,?NULL?,?NULL?,?NULL?,?NULL?,?NULL?,?NULL?,?NULL?,?NULL?,?NULL?,?NULL?,?NULL?,?NULL?,?NULL?,?NULL?,?NULL?,?NULL?,?NULL?
2021/1/1 0:00:00,?NULL?,?NULL?,34,normal,?NULL?,?NULL?,?NULL?,?NULL?,2021/1/1 0:00:00,?NULL?,2021/1/1 0:00:00,2021/1/1 0:00:00,?NULL?,449,349,?NULL?,1,?NULL?,8,8,?NULL?,2,?NULL?,?NULL?,?NULL?,?NULL?,?NULL?,?NULL?,?NULL?,?NULL?,?NULL?,?NULL?,?NULL?,?NULL?,34,?NULL?,?NULL?,?NULL?,?NULL?,?NULL?,?NULL?,?NULL?,?NULL?,?NULL?,?NULL?,?NULL?,?NULL?,?NULL?,?NULL?,?NULL?,?NULL?,?NULL?,?NULL?,?NULL?,?NULL?,?NULL?,?NULL?,?NULL?,?NULL?,?NULL?,?NULL?,?NULL?,?NULL?,?NULL?,?NULL?,?NULL?,?NULL?,?NULL?,?NULL?,?NULL?,?NULL?
2021/1/1 0:00:00,?NULL?,?NULL?,35,normal,?NULL?,?NULL?,?NULL?,?NULL?,2021/1/1 0:00:00,?NULL?,2021/1/1 0:00:00,2021/1/1 0:00:00,?NULL?,578,478,?NULL?,1,?NULL?,8,8,?NULL?,2,?NULL?,?NULL?,?NULL?,?NULL?,?NULL?,?NULL?,?NULL?,?NULL?,?NULL?,?NULL?,?NULL?,?NULL?,35,?NULL?,?NULL?,?NULL?,?NULL?,?NULL?,?NULL?,?NULL?,?NULL?,?NULL?,?NULL?,?NULL?,?NULL?,?NULL?,?NULL?,?NULL?,?NULL?,?NULL?,?NULL?,?NULL?,?NULL?,?NULL?,?NULL?,?NULL?,?NULL?,?NULL?,?NULL?,?NULL?,?NULL?,?NULL?,?NULL?,?NULL?,?NULL?,?NULL?,?NULL?,?NULL?,?NULL?
2021/1/1 0:00:00,?NULL?,?NULL?,36,normal,?NULL?,?NULL?,?NULL?,?NULL?,2021/1/1 0:00:00,?NULL?,2021/1/1 0:00:00,2021/1/1 0:00:00,?NULL?,666,566,?NULL?,1,?NULL?,8,8,?NULL?,2,?NULL?,?NULL?,?NULL?,?NULL?,?NULL?,?NULL?,?NULL?,?NULL?,?NULL?,?NULL?,?NULL?,?NULL?,36,?NULL?,?NULL?,?NULL?,?NULL?,?NULL?,?NULL?,?NULL?,?NULL?,?NULL?,?NULL?,?NULL?,?NULL?,?NULL?,?NULL?,?NULL?,?NULL?,?NULL?,?NULL?,?NULL?,?NULL?,?NULL?,?NULL?,?NULL?,?NULL?,?NULL?,?NULL?,?NULL?,?NULL?,?NULL?,?NULL?,?NULL?,?NULL?,?NULL?,?NULL?,?NULL?,?NULL?
2021/1/1 0:00:00,?NULL?,?NULL?,37,normal,?NULL?,?NULL?,?NULL?,?NULL?,2021/1/1 0:00:00,?NULL?,2021/1/1 0:00:00,2021/1/1 0:00:00,?NULL?,356,256,?NULL?,1,?NULL?,8,8,?NULL?,2,?NULL?,?NULL?,?NULL?,?NULL?,?NULL?,?NULL?,?NULL?,?NULL?,?NULL?,?NULL?,?NULL?,?NULL?,37,?NULL?,?NULL?,?NULL?,?NULL?,?NULL?,?NULL?,?NULL?,?NULL?,?NULL?,?NULL?,?NULL?,?NULL?,?NULL?,?NULL?,?NULL?,?NULL?,?NULL?,?NULL?,?NULL?,?NULL?,?NULL?,?NULL?,?NULL?,?NULL?,?NULL?,?NULL?,?NULL?,?NULL?,?NULL?,?NULL?,?NULL?,?NULL?,?NULL?,?NULL?,?NULL?,?NULL?
2021/1/1 0:00:00,?NULL?,?NULL?,38,normal,?NULL?,?NULL?,?NULL?,?NULL?,2021/1/1 0:00:00,?NULL?,2021/1/1 0:00:00,2021/1/1 0:00:00,?NULL?,514,414,?NULL?,1,?NULL?,8,8,?NULL?,2,?NULL?,?NULL?,?NULL?,?NULL?,?NULL?,?NULL?,?NULL?,?NULL?,?NULL?,?NULL?,?NULL?,?NULL?,38,?NULL?,?NULL?,?NULL?,?NULL?,?NULL?,?NULL?,?NULL?,?NULL?,?NULL?,?NULL?,?NULL?,?NULL?,?NULL?,?NULL?,?NULL?,?NULL?,?NULL?,?NULL?,?NULL?,?NULL?,?NULL?,?NULL?,?NULL?,?NULL?,?NULL?,?NULL?,?NULL?,?NULL?,?NULL?,?NULL?,?NULL?,?NULL?,?NULL?,?NULL?,?NULL?,?NULL?
2021/1/1 0:00:00,?NULL?,?NULL?,39,normal,?NULL?,?NULL?,?NULL?,?NULL?,2021/1/1 0:00:00,?NULL?,2021/1/1 0:00:00,2021/1/1 0:00:00,?NULL?,553,453,?NULL?,1,?NULL?,8,8,?NULL?,2,?NULL?,?NULL?,?NULL?,?NULL?,?NULL?,?NULL?,?NULL?,?NULL?,?NULL?,?NULL?,?NULL?,?NULL?,39,?NULL?,?NULL?,?NULL?,?NULL?,?NULL?,?NULL?,?NULL?,?NULL?,?NULL?,?NULL?,?NULL?,?NULL?,?NULL?,?NULL?,?NULL?,?NULL?,?NULL?,?NULL?,?NULL?,?NULL?,?NULL?,?NULL?,?NULL?,?NULL?,?NULL?,?NULL?,?NULL?,?NULL?,?NULL?,?NULL?,?NULL?,?NULL?,?NULL?,?NULL?,?NULL?,?NULL?
2021/1/1 0:00:00,?NULL?,?NULL?,40,normal,?NULL?,?NULL?,?NULL?,?NULL?,2021/1/1 0:00:00,?NULL?,2021/1/1 0:00:00,2021/1/1 0:00:00,?NULL?,533,433,?NULL?,1,?NULL?,8,8,?NULL?,2,?NULL?,?NULL?,?NULL?,?NULL?,?NULL?,?NULL?,?NULL?,?NULL?,?NULL?,?NULL?,?NULL?,?NULL?,40,?NULL?,?NULL?,?NULL?,?NULL?,?NULL?,?NULL?,?NULL?,?NULL?,?NULL?,?NULL?,?NULL?,?NULL?,?NULL?,?NULL?,?NULL?,?NULL?,?NULL?,?NULL?,?NULL?,?NULL?,?NULL?,?NULL?,?NULL?,?NULL?,?NULL?,?NULL?,?NULL?,?NULL?,?NULL?,?NULL?,?NULL?,?NULL?,?NULL?,?NULL?,?NULL?,?NULL?
2021/1/1 0:00:00,?NULL?,?NULL?,41,normal,?NULL?,?NULL?,?NULL?,?NULL?,2021/1/1 0:00:00,?NULL?,2021/1/1 0:00:00,2021/1/1 0:00:00,?NULL?,538,438,?NULL?,1,?NULL?,8,8,?NULL?,2,?NULL?,?NULL?,?NULL?,?NULL?,?NULL?,?NULL?,?NULL?,?NULL?,?NULL?,?NULL?,?NULL?,?NULL?,41,?NULL?,?NULL?,?NULL?,?NULL?,?NULL?,?NULL?,?NULL?,?NULL?,?NULL?,?NULL?,?NULL?,?NULL?,?NULL?,?NULL?,?NULL?,?NULL?,?NULL?,?NULL?,?NULL?,?NULL?,?NULL?,?NULL?,?NULL?,?NULL?,?NULL?,?NULL?,?NULL?,?NULL?,?NULL?,?NULL?,?NULL?,?NULL?,?NULL?,?NULL?,?NULL?,?NULL?
2021/1/1 0:00:00,?NULL?,?NULL?,42,normal,?NULL?,?NULL?,?NULL?,?NULL?,2021/1/1 0:00:00,?NULL?,2021/1/1 0:00:00,2021/1/1 0:00:00,?NULL?,556,456,?NULL?,1,?NULL?,8,8,?NULL?,2,?NULL?,?NULL?,?NULL?,?NULL?,?NULL?,?NULL?,?NULL?,?NULL?,?NULL?,?NULL?,?NULL?,?NULL?,42,?NULL?,?NULL?,?NULL?,?NULL?,?NULL?,?NULL?,?NULL?,?NULL?,?NULL?,?NULL?,?NULL?,?NULL?,?NULL?,?NULL?,?NULL?,?NULL?,?NULL?,?NULL?,?NULL?,?NULL?,?NULL?,?NULL?,?NULL?,?NULL?,?NULL?,?NULL?,?NULL?,?NULL?,?NULL?,?NULL?,?NULL?,?NULL?,?NULL?,?NULL?,?NULL?,?NULL?
2021/1/1 0:00:00,?NULL?,?NULL?,43,normal,?NULL?,?NULL?,?NULL?,?NULL?,2021/1/1 0:00:00,?NULL?,2021/1/1 0:00:00,2021/1/1 0:00:00,?NULL?,506,406,?NULL?,1,?NULL?,8,8,?NULL?,2,?NULL?,?NULL?,?NULL?,?NULL?,?NULL?,?NULL?,?NULL?,?NULL?,?NULL?,?NULL?,?NULL?,?NULL?,43,?NULL?,?NULL?,?NULL?,?NULL?,?NULL?,?NULL?,?NULL?,?NULL?,?NULL?,?NULL?,?NULL?,?NULL?,?NULL?,?NULL?,?NULL?,?NULL?,?NULL?,?NULL?,?NULL?,?NULL?,?NULL?,?NULL?,?NULL?,?NULL?,?NULL?,?NULL?,?NULL?,?NULL?,?NULL?,?NULL?,?NULL?,?NULL?,?NULL?,?NULL?,?NULL?,?NULL?
2021/1/1 0:00:00,?NULL?,?NULL?,44,normal,?NULL?,?NULL?,?NULL?,?NULL?,2021/1/1 0:00:00,?NULL?,2021/1/1 0:00:00,2021/1/1 0:00:00,?NULL?,636,536,?NULL?,1,?NULL?,8,8,?NULL?,2,?NULL?,?NULL?,?NULL?,?NULL?,?NULL?,?NULL?,?NULL?,?NULL?,?NULL?,?NULL?,?NULL?,?NULL?,44,?NULL?,?NULL?,?NULL?,?NULL?,?NULL?,?NULL?,?NULL?,?NULL?,?NULL?,?NULL?,?NULL?,?NULL?,?NULL?,?NULL?,?NULL?,?NULL?,?NULL?,?NULL?,?NULL?,?NULL?,?NULL?,?NULL?,?NULL?,?NULL?,?NULL?,?NULL?,?NULL?,?NULL?,?NULL?,?NULL?,?NULL?,?NULL?,?NULL?,?NULL?,?NULL?,?NULL?
2021/1/1 0:00:00,?NULL?,?NULL?,45,normal,?NULL?,?NULL?,?NULL?,?NULL?,2021/1/1 0:00:00,?NULL?,2021/1/1 0:00:00,2021/1/1 0:00:00,?NULL?,586,486,?NULL?,1,?NULL?,8,8,?NULL?,2,?NULL?,?NULL?,?NULL?,?NULL?,?NULL?,?NULL?,?NULL?,?NULL?,?NULL?,?NULL?,?NULL?,?NULL?,45,?NULL?,?NULL?,?NULL?,?NULL?,?NULL?,?NULL?,?NULL?,?NULL?,?NULL?,?NULL?,?NULL?,?NULL?,?NULL?,?NULL?,?NULL?,?NULL?,?NULL?,?NULL?,?NULL?,?NULL?,?NULL?,?NULL?,?NULL?,?NULL?,?NULL?,?NULL?,?NULL?,?NULL?,?NULL?,?NULL?,?NULL?,?NULL?,?NULL?,?NULL?,?NULL?,?NULL?
2021/1/1 0:00:00,?NULL?,?NULL?,46,normal,?NULL?,?NULL?,?NULL?,?NULL?,2021/1/1 0:00:00,?NULL?,2021/1/1 0:00:00,2021/1/1 0:00:00,?NULL?,378,278,?NULL?,1,?NULL?,8,8,?NULL?,2,?NULL?,?NULL?,?NULL?,?NULL?,?NULL?,?NULL?,?NULL?,?NULL?,?NULL?,?NULL?,?NULL?,?NULL?,46,?NULL?,?NULL?,?NULL?,?NULL?,?NULL?,?NULL?,?NULL?,?NULL?,?NULL?,?NULL?,?NULL?,?NULL?,?NULL?,?NULL?,?NULL?,?NULL?,?NULL?,?NULL?,?NULL?,?NULL?,?NULL?,?NULL?,?NULL?,?NULL?,?NULL?,?NULL?,?NULL?,?NULL?,?NULL?,?NULL?,?NULL?,?NULL?,?NULL?,?NULL?,?NULL?,?NULL?
2021/1/1 0:00:00,?NULL?,?NULL?,47,normal,?NULL?,?NULL?,?NULL?,?NULL?,2021/1/1 0:00:00,?NULL?,2021/1/1 0:00:00,2021/1/1 0:00:00,?NULL?,621,521,?NULL?,1,?NULL?,8,8,?NULL?,2,?NULL?,?NULL?,?NULL?,?NULL?,?NULL?,?NULL?,?NULL?,?NULL?,?NULL?,?NULL?,?NULL?,?NULL?,47,?NULL?,?NULL?,?NULL?,?NULL?,?NULL?,?NULL?,?NULL?,?NULL?,?NULL?,?NULL?,?NULL?,?NULL?,?NULL?,?NULL?,?NULL?,?NULL?,?NULL?,?NULL?,?NULL?,?NULL?,?NULL?,?NULL?,?NULL?,?NULL?,?NULL?,?NULL?,?NULL?,?NULL?,?NULL?,?NULL?,?NULL?,?NULL?,?NULL?,?NULL?,?NULL?,?NULL?
2021/1/1 0:00:00,?NULL?,?NULL?,48,normal,?NULL?,?NULL?,?NULL?,?NULL?,2021/1/1 0:00:00,?NULL?,2021/1/1 0:00:00,2021/1/1 0:00:00,?NULL?,678,578,?NULL?,1,?NULL?,8,8,?NULL?,2,?NULL?,?NULL?,?NULL?,?NULL?,?NULL?,?NULL?,?NULL?,?NULL?,?NULL?,?NULL?,?NULL?,?NULL?,48,?NULL?,?NULL?,?NULL?,?NULL?,?NULL?,?NULL?,?NULL?,?NULL?,?NULL?,?NULL?,?NULL?,?NULL?,?NULL?,?NULL?,?NULL?,?NULL?,?NULL?,?NULL?,?NULL?,?NULL?,?NULL?,?NULL?,?NULL?,?NULL?,?NULL?,?NULL?,?NULL?,?NULL?,?NULL?,?NULL?,?NULL?,?NULL?,?NULL?,?NULL?,?NULL?,?NULL?
2021/1/1 0:00:00,?NULL?,?NULL?,49,normal,?NULL?,?NULL?,?NULL?,?NULL?,2021/1/1 0:00:00,?NULL?,2021/1/1 0:00:00,2021/1/1 0:00:00,?NULL?,301,201,?NULL?,1,?NULL?,8,8,?NULL?,2,?NULL?,?NULL?,?NULL?,?NULL?,?NULL?,?NULL?,?NULL?,?NULL?,?NULL?,?NULL?,?NULL?,?NULL?,49,?NULL?,?NULL?,?NULL?,?NULL?,?NULL?,?NULL?,?NULL?,?NULL?,?NULL?,?NULL?,?NULL?,?NULL?,?NULL?,?NULL?,?NULL?,?NULL?,?NULL?,?NULL?,?NULL?,?NULL?,?NULL?,?NULL?,?NULL?,?NULL?,?NULL?,?NULL?,?NULL?,?NULL?,?NULL?,?NULL?,?NULL?,?NULL?,?NULL?,?NULL?,?NULL?,?NULL?
2021/1/1 0:00:00,?NULL?,?NULL?,50,normal,?NULL?,?NULL?,?NULL?,?NULL?,2021/1/1 0:00:00,?NULL?,2021/1/1 0:00:00,2021/1/1 0:00:00,?NULL?,576,476,?NULL?,1,?NULL?,8,8,?NULL?,2,?NULL?,?NULL?,?NULL?,?NULL?,?NULL?,?NULL?,?NULL?,?NULL?,?NULL?,?NULL?,?NULL?,?NULL?,50,?NULL?,?NULL?,?NULL?,?NULL?,?NULL?,?NULL?,?NULL?,?NULL?,?NULL?,?NULL?,?NULL?,?NULL?,?NULL?,?NULL?,?NULL?,?NULL?,?NULL?,?NULL?,?NULL?,?NULL?,?NULL?,?NULL?,?NULL?,?NULL?,?NULL?,?NULL?,?NULL?,?NULL?,?NULL?,?NULL?,?NULL?,?NULL?,?NULL?,?NULL?,?NULL?,?NULL?
2021/1/1 0:00:00,?NULL?,?NULL?,51,normal,?NULL?,?NULL?,?NULL?,?NULL?,2021/1/1 0:00:00,?NULL?,2021/1/1 0:00:00,2021/1/1 0:00:00,?NULL?,538,438,?NULL?,1,?NULL?,8,8,?NULL?,2,?NULL?,?NULL?,?NULL?,?NULL?,?NULL?,?NULL?,?NULL?,?NULL?,?NULL?,?NULL?,?NULL?,?NULL?,51,?NULL?,?NULL?,?NULL?,?NULL?,?NULL?,?NULL?,?NULL?,?NULL?,?NULL?,?NULL?,?NULL?,?NULL?,?NULL?,?NULL?,?NULL?,?NULL?,?NULL?,?NULL?,?NULL?,?NULL?,?NULL?,?NULL?,?NULL?,?NULL?,?NULL?,?NULL?,?NULL?,?NULL?,?NULL?,?NULL?,?NULL?,?NULL?,?NULL?,?NULL?,?NULL?,?NULL?
2021/1/1 0:00:00,?NULL?,?NULL?,52,normal,?NULL?,?NULL?,?NULL?,?NULL?,2021/1/1 0:00:00,?NULL?,2021/1/1 0:00:00,2021/1/1 0:00:00,?NULL?,486,386,?NULL?,1,?NULL?,8,8,?NULL?,2,?NULL?,?NULL?,?NULL?,?NULL?,?NULL?,?NULL?,?NULL?,?NULL?,?NULL?,?NULL?,?NULL?,?NULL?,52,?NULL?,?NULL?,?NULL?,?NULL?,?NULL?,?NULL?,?NULL?,?NULL?,?NULL?,?NULL?,?NULL?,?NULL?,?NULL?,?NULL?,?NULL?,?NULL?,?NULL?,?NULL?,?NULL?,?NULL?,?NULL?,?NULL?,?NULL?,?NULL?,?NULL?,?NULL?,?NULL?,?NULL?,?NULL?,?NULL?,?NULL?,?NULL?,?NULL?,?NULL?,?NULL?,?NULL?
2021/1/1 0:00:00,?NULL?,?NULL?,53,normal,?NULL?,?NULL?,?NULL?,?NULL?,2021/1/1 0:00:00,?NULL?,2021/1/1 0:00:00,2021/1/1 0:00:00,?NULL?,639,539,?NULL?,1,?NULL?,8,8,?NULL?,2,?NULL?,?NULL?,?NULL?,?NULL?,?NULL?,?NULL?,?NULL?,?NULL?,?NULL?,?NULL?,?NULL?,?NULL?,53,?NULL?,?NULL?,?NULL?,?NULL?,?NULL?,?NULL?,?NULL?,?NULL?,?NULL?,?NULL?,?NULL?,?NULL?,?NULL?,?NULL?,?NULL?,?NULL?,?NULL?,?NULL?,?NULL?,?NULL?,?NULL?,?NULL?,?NULL?,?NULL?,?NULL?,?NULL?,?NULL?,?NULL?,?NULL?,?NULL?,?NULL?,?NULL?,?NULL?,?NULL?,?NULL?,?NULL?
2021/1/1 0:00:00,?NULL?,?NULL?,54,normal,?NULL?,?NULL?,?NULL?,?NULL?,2021/1/1 0:00:00,?NULL?,2021/1/1 0:00:00,2021/1/1 0:00:00,?NULL?,682,582,?NULL?,1,?NULL?,8,8,?NULL?,2,?NULL?,?NULL?,?NULL?,?NULL?,?NULL?,?NULL?,?NULL?,?NULL?,?NULL?,?NULL?,?NULL?,?NULL?,54,?NULL?,?NULL?,?NULL?,?NULL?,?NULL?,?NULL?,?NULL?,?NULL?,?NULL?,?NULL?,?NULL?,?NULL?,?NULL?,?NULL?,?NULL?,?NULL?,?NULL?,?NULL?,?NULL?,?NULL?,?NULL?,?NULL?,?NULL?,?NULL?,?NULL?,?NULL?,?NULL?,?NULL?,?NULL?,?NULL?,?NULL?,?NULL?,?NULL?,?NULL?,?NULL?,?NULL?
2021/1/1 0:00:00,?NULL?,?NULL?,55,normal,?NULL?,?NULL?,?NULL?,?NULL?,2021/1/1 0:00:00,?NULL?,2021/1/1 0:00:00,2021/1/1 0:00:00,?NULL?,279,179,?NULL?,1,?NULL?,8,8,?NULL?,2,?NULL?,?NULL?,?NULL?,?NULL?,?NULL?,?NULL?,?NULL?,?NULL?,?NULL?,?NULL?,?NULL?,?NULL?,55,?NULL?,?NULL?,?NULL?,?NULL?,?NULL?,?NULL?,?NULL?,?NULL?,?NULL?,?NULL?,?NULL?,?NULL?,?NULL?,?NULL?,?NULL?,?NULL?,?NULL?,?NULL?,?NULL?,?NULL?,?NULL?,?NULL?,?NULL?,?NULL?,?NULL?,?NULL?,?NULL?,?NULL?,?NULL?,?NULL?,?NULL?,?NULL?,?NULL?,?NULL?,?NULL?,?NULL?
2021/1/1 0:00:00,?NULL?,?NULL?,98,normal,?NULL?,?NULL?,?NULL?,?NULL?,2021/1/1 0:00:00,?NULL?,2021/1/1 0:00:00,2021/1/1 0:00:00,?NULL?,912,812,?NULL?,4,?NULL?,32,32,?NULL?,8,?NULL?,?NULL?,?NULL?,?NULL?,?NULL?,?NULL?,?NULL?,?NULL?,?NULL?,?NULL?,?NULL?,?NULL?,98,?NULL?,?NULL?,?NULL?,?NULL?,?NULL?,?NULL?,?NULL?,?NULL?,?NULL?,?NULL?,?NULL?,?NULL?,?NULL?,?NULL?,?NULL?,?NULL?,?NULL?,?NULL?,?NULL?,?NULL?,?NULL?,?NULL?,?NULL?,?NULL?,?NULL?,?NULL?,?NULL?,?NULL?,?NULL?,?NULL?,?NULL?,?NULL?,?NULL?,?NULL?,?NULL?,?NULL?
2021/1/1 0:00:00,?NULL?,?NULL?,99,normal,?NULL?,?NULL?,?NULL?,?NULL?,2021/1/1 0:00:00,?NULL?,2021/1/1 0:00:00,2021/1/1 0:00:00,?NULL?,881,781,?NULL?,6,?NULL?,48,48,?NULL?,12,?NULL?,?NULL?,?NULL?,?NULL?,?NULL?,?NULL?,?NULL?,?NULL?,?NULL?,?NULL?,?NULL?,?NULL?,99,?NULL?,?NULL?,?NULL?,?NULL?,?NULL?,?NULL?,?NULL?,?NULL?,?NULL?,?NULL?,?NULL?,?NULL?,?NULL?,?NULL?,?NULL?,?NULL?,?NULL?,?NULL?,?NULL?,?NULL?,?NULL?,?NULL?,?NULL?,?NULL?,?NULL?,?NULL?,?NULL?,?NULL?,?NULL?,?NULL?,?NULL?,?NULL?,?NULL?,?NULL?,?NULL?,?NULL?
2021/1/1 0:00:00,?NULL?,?NULL?,100,normal,?NULL?,?NULL?,?NULL?,?NULL?,2021/1/1 0:00:00,?NULL?,2021/1/1 0:00:00,2021/1/1 0:00:00,?NULL?,890,790,?NULL?,6,?NULL?,48,48,?NULL?,12,?NULL?,?NULL?,?NULL?,?NULL?,?NULL?,?NULL?,?NULL?,?NULL?,?NULL?,?NULL?,?NULL?,?NULL?,100,?NULL?,?NULL?,?NULL?,?NULL?,?NULL?,?NULL?,?NULL?,?NULL?,?NULL?,?NULL?,?NULL?,?NULL?,?NULL?,?NULL?,?NULL?,?NULL?,?NULL?,?NULL?,?NULL?,?NULL?,?NULL?,?NULL?,?NULL?,?NULL?,?NULL?,?NULL?,?NULL?,?NULL?,?NULL?,?NULL?,?NULL?,?NULL?,?NULL?,?NULL?,?NULL?,?NULL?
2021/1/1 0:00:00,?NULL?,?NULL?,101,normal,?NULL?,?NULL?,?NULL?,?NULL?,2021/1/1 0:00:00,?NULL?,2021/1/1 0:00:00,2021/1/1 0:00:00,?NULL?,784,684,?NULL?,3,?NULL?,24,24,?NULL?,6,?NULL?,?NULL?,?NULL?,?NULL?,?NULL?,?NULL?,?NULL?,?NULL?,?NULL?,?NULL?,?NULL?,?NULL?,101,?NULL?,?NULL?,?NULL?,?NULL?,?NULL?,?NULL?,?NULL?,?NULL?,?NULL?,?NULL?,?NULL?,?NULL?,?NULL?,?NULL?,?NULL?,?NULL?,?NULL?,?NULL?,?NULL?,?NULL?,?NULL?,?NULL?,?NULL?,?NULL?,?NULL?,?NULL?,?NULL?,?NULL?,?NULL?,?NULL?,?NULL?,?NULL?,?NULL?,?NULL?,?NULL?,?NULL?
2021/1/1 0:00:00,?NULL?,?NULL?,102,normal,?NULL?,?NULL?,?NULL?,?NULL?,2021/1/1 0:00:00,?NULL?,2021/1/1 0:00:00,2021/1/1 0:00:00,?NULL?,979,879,?NULL?,2,?NULL?,16,16,?NULL?,4,?NULL?,?NULL?,?NULL?,?NULL?,?NULL?,?NULL?,?NULL?,?NULL?,?NULL?,?NULL?,?NULL?,?NULL?,102,?NULL?,?NULL?,?NULL?,?NULL?,?NULL?,?NULL?,?NULL?,?NULL?,?NULL?,?NULL?,?NULL?,?NULL?,?NULL?,?NULL?,?NULL?,?NULL?,?NULL?,?NULL?,?NULL?,?NULL?,?NULL?,?NULL?,?NULL?,?NULL?,?NULL?,?NULL?,?NULL?,?NULL?,?NULL?,?NULL?,?NULL?,?NULL?,?NULL?,?NULL?,?NULL?,?NULL?
2021/1/1 0:00:00,?NULL?,?NULL?,103,normal,?NULL?,?NULL?,?NULL?,?NULL?,2021/1/1 0:00:00,?NULL?,2021/1/1 0:00:00,2021/1/1 0:00:00,?NULL?,721,621,?NULL?,3,?NULL?,24,24,?NULL?,6,?NULL?,?NULL?,?NULL?,?NULL?,?NULL?,?NULL?,?NULL?,?NULL?,?NULL?,?NULL?,?NULL?,?NULL?,103,?NULL?,?NULL?,?NULL?,?NULL?,?NULL?,?NULL?,?NULL?,?NULL?,?NULL?,?NULL?,?NULL?,?NULL?,?NULL?,?NULL?,?NULL?,?NULL?,?NULL?,?NULL?,?NULL?,?NULL?,?NULL?,?NULL?,?NULL?,?NULL?,?NULL?,?NULL?,?NULL?,?NULL?,?NULL?,?NULL?,?NULL?,?NULL?,?NULL?,?NULL?,?NULL?,?NULL?
2021/1/1 0:00:00,?NULL?,?NULL?,104,normal,?NULL?,?NULL?,?NULL?,?NULL?,2021/1/1 0:00:00,?NULL?,2021/1/1 0:00:00,2021/1/1 0:00:00,?NULL?,809,709,?NULL?,3,?NULL?,24,24,?NULL?,6,?NULL?,?NULL?,?NULL?,?NULL?,?NULL?,?NULL?,?NULL?,?NULL?,?NULL?,?NULL?,?NULL?,?NULL?,104,?NULL?,?NULL?,?NULL?,?NULL?,?NULL?,?NULL?,?NULL?,?NULL?,?NULL?,?NULL?,?NULL?,?NULL?,?NULL?,?NULL?,?NULL?,?NULL?,?NULL?,?NULL?,?NULL?,?NULL?,?NULL?,?NULL?,?NULL?,?NULL?,?NULL?,?NULL?,?NULL?,?NULL?,?NULL?,?NULL?,?NULL?,?NULL?,?NULL?,?NULL?,?NULL?,?NULL?
2021/1/1 0:00:00,?NULL?,?NULL?,105,normal,?NULL?,?NULL?,?NULL?,?NULL?,2021/1/1 0:00:00,?NULL?,2021/1/1 0:00:00,2021/1/1 0:00:00,?NULL?,747,647,?NULL?,8,?NULL?,64,64,?NULL?,16,?NULL?,?NULL?,?NULL?,?NULL?,?NULL?,?NULL?,?NULL?,?NULL?,?NULL?,?NULL?,?NULL?,?NULL?,105,?NULL?,?NULL?,?NULL?,?NULL?,?NULL?,?NULL?,?NULL?,?NULL?,?NULL?,?NULL?,?NULL?,?NULL?,?NULL?,?NULL?,?NULL?,?NULL?,?NULL?,?NULL?,?NULL?,?NULL?,?NULL?,?NULL?,?NULL?,?NULL?,?NULL?,?NULL?,?NULL?,?NULL?,?NULL?,?NULL?,?NULL?,?NULL?,?NULL?,?NULL?,?NULL?,?NULL?
2021/1/1 0:00:00,?NULL?,?NULL?,106,normal,?NULL?,?NULL?,?NULL?,?NULL?,2021/1/1 0:00:00,?NULL?,2021/1/1 0:00:00,2021/1/1 0:00:00,?NULL?,735,635,?NULL?,6,?NULL?,48,48,?NULL?,12,?NULL?,?NULL?,?NULL?,?NULL?,?NULL?,?NULL?,?NULL?,?NULL?,?NULL?,?NULL?,?NULL?,?NULL?,106,?NULL?,?NULL?,?NULL?,?NULL?,?NULL?,?NULL?,?NULL?,?NULL?,?NULL?,?NULL?,?NULL?,?NULL?,?NULL?,?NULL?,?NULL?,?NULL?,?NULL?,?NULL?,?NULL?,?NULL?,?NULL?,?NULL?,?NULL?,?NULL?,?NULL?,?NULL?,?NULL?,?NULL?,?NULL?,?NULL?,?NULL?,?NULL?,?NULL?,?NULL?,?NULL?,?NULL?
2021/1/1 0:00:00,?NULL?,?NULL?,107,normal,?NULL?,?NULL?,?NULL?,?NULL?,2021/1/1 0:00:00,?NULL?,2021/1/1 0:00:00,2021/1/1 0:00:00,?NULL?,893,793,?NULL?,8,?NULL?,64,64,?NULL?,16,?NULL?,?NULL?,?NULL?,?NULL?,?NULL?,?NULL?,?NULL?,?NULL?,?NULL?,?NULL?,?NULL?,?NULL?,107,?NULL?,?NULL?,?NULL?,?NULL?,?NULL?,?NULL?,?NULL?,?NULL?,?NULL?,?NULL?,?NULL?,?NULL?,?NULL?,?NULL?,?NULL?,?NULL?,?NULL?,?NULL?,?NULL?,?NULL?,?NULL?,?NULL?,?NULL?,?NULL?,?NULL?,?NULL?,?NULL?,?NULL?,?NULL?,?NULL?,?NULL?,?NULL?,?NULL?,?NULL?,?NULL?,?NULL?
2021/1/1 0:00:00,?NULL?,?NULL?,108,normal,?NULL?,?NULL?,?NULL?,?NULL?,2021/1/1 0:00:00,?NULL?,2021/1/1 0:00:00,2021/1/1 0:00:00,?NULL?,1013,913,?NULL?,1,?NULL?,8,8,?NULL?,2,?NULL?,?NULL?,?NULL?,?NULL?,?NULL?,?NULL?,?NULL?,?NULL?,?NULL?,?NULL?,?NULL?,?NULL?,108,?NULL?,?NULL?,?NULL?,?NULL?,?NULL?,?NULL?,?NULL?,?NULL?,?NULL?,?NULL?,?NULL?,?NULL?,?NULL?,?NULL?,?NULL?,?NULL?,?NULL?,?NULL?,?NULL?,?NULL?,?NULL?,?NULL?,?NULL?,?NULL?,?NULL?,?NULL?,?NULL?,?NULL?,?NULL?,?NULL?,?NULL?,?NULL?,?NULL?,?NULL?,?NULL?,?NULL?
2021/1/1 0:00:00,?NULL?,?NULL?,109,normal,?NULL?,?NULL?,?NULL?,?NULL?,2021/1/1 0:00:00,?NULL?,2021/1/1 0:00:00,2021/1/1 0:00:00,?NULL?,711,611,?NULL?,2,?NULL?,16,16,?NULL?,4,?NULL?,?NULL?,?NULL?,?NULL?,?NULL?,?NULL?,?NULL?,?NULL?,?NULL?,?NULL?,?NULL?,?NULL?,109,?NULL?,?NULL?,?NULL?,?NULL?,?NULL?,?NULL?,?NULL?,?NULL?,?NULL?,?NULL?,?NULL?,?NULL?,?NULL?,?NULL?,?NULL?,?NULL?,?NULL?,?NULL?,?NULL?,?NULL?,?NULL?,?NULL?,?NULL?,?NULL?,?NULL?,?NULL?,?NULL?,?NULL?,?NULL?,?NULL?,?NULL?,?NULL?,?NULL?,?NULL?,?NULL?,?NULL?
2021/1/1 0:00:00,?NULL?,?NULL?,110,normal,?NULL?,?NULL?,?NULL?,?NULL?,2021/1/1 0:00:00,?NULL?,2021/1/1 0:00:00,2021/1/1 0:00:00,?NULL?,1073,973,?NULL?,4,?NULL?,32,32,?NULL?,8,?NULL?,?NULL?,?NULL?,?NULL?,?NULL?,?NULL?,?NULL?,?NULL?,?NULL?,?NULL?,?NULL?,?NULL?,110,?NULL?,?NULL?,?NULL?,?NULL?,?NULL?,?NULL?,?NULL?,?NULL?,?NULL?,?NULL?,?NULL?,?NULL?,?NULL?,?NULL?,?NULL?,?NULL?,?NULL?,?NULL?,?NULL?,?NULL?,?NULL?,?NULL?,?NULL?,?NULL?,?NULL?,?NULL?,?NULL?,?NULL?,?NULL?,?NULL?,?NULL?,?NULL?,?NULL?,?NULL?,?NULL?,?NULL?
2021/1/1 0:00:00,?NULL?,?NULL?,111,normal,?NULL?,?NULL?,?NULL?,?NULL?,2021/1/1 0:00:00,?NULL?,2021/1/1 0:00:00,2021/1/1 0:00:00,?NULL?,775,675,?NULL?,4,?NULL?,32,32,?NULL?,8,?NULL?,?NULL?,?NULL?,?NULL?,?NULL?,?NULL?,?NULL?,?NULL?,?NULL?,?NULL?,?NULL?,?NULL?,111,?NULL?,?NULL?,?NULL?,?NULL?,?NULL?,?NULL?,?NULL?,?NULL?,?NULL?,?NULL?,?NULL?,?NULL?,?NULL?,?NULL?,?NULL?,?NULL?,?NULL?,?NULL?,?NULL?,?NULL?,?NULL?,?NULL?,?NULL?,?NULL?,?NULL?,?NULL?,?NULL?,?NULL?,?NULL?,?NULL?,?NULL?,?NULL?,?NULL?,?NULL?,?NULL?,?NULL?
2021/1/1 0:00:00,?NULL?,?NULL?,112,normal,?NULL?,?NULL?,?NULL?,?NULL?,2021/1/1 0:00:00,?NULL?,2021/1/1 0:00:00,2021/1/1 0:00:00,?NULL?,1081,981,?NULL?,7,?NULL?,56,56,?NULL?,14,?NULL?,?NULL?,?NULL?,?NULL?,?NULL?,?NULL?,?NULL?,?NULL?,?NULL?,?NULL?,?NULL?,?NULL?,112,?NULL?,?NULL?,?NULL?,?NULL?,?NULL?,?NULL?,?NULL?,?NULL?,?NULL?,?NULL?,?NULL?,?NULL?,?NULL?,?NULL?,?NULL?,?NULL?,?NULL?,?NULL?,?NULL?,?NULL?,?NULL?,?NULL?,?NULL?,?NULL?,?NULL?,?NULL?,?NULL?,?NULL?,?NULL?,?NULL?,?NULL?,?NULL?,?NULL?,?NULL?,?NULL?,?NULL?
2021/1/1 0:00:00,?NULL?,?NULL?,113,normal,?NULL?,?NULL?,?NULL?,?NULL?,2021/1/1 0:00:00,?NULL?,2021/1/1 0:00:00,2021/1/1 0:00:00,?NULL?,739,639,?NULL?,5,?NULL?,40,40,?NULL?,10,?NULL?,?NULL?,?NULL?,?NULL?,?NULL?,?NULL?,?NULL?,?NULL?,?NULL?,?NULL?,?NULL?,?NULL?,113,?NULL?,?NULL?,?NULL?,?NULL?,?NULL?,?NULL?,?NULL?,?NULL?,?NULL?,?NULL?,?NULL?,?NULL?,?NULL?,?NULL?,?NULL?,?NULL?,?NULL?,?NULL?,?NULL?,?NULL?,?NULL?,?NULL?,?NULL?,?NULL?,?NULL?,?NULL?,?NULL?,?NULL?,?NULL?,?NULL?,?NULL?,?NULL?,?NULL?,?NULL?,?NULL?,?NULL?
2021/1/1 0:00:00,?NULL?,?NULL?,114,normal,?NULL?,?NULL?,?NULL?,?NULL?,2021/1/1 0:00:00,?NULL?,2021/1/1 0:00:00,2021/1/1 0:00:00,?NULL?,844,744,?NULL?,4,?NULL?,32,32,?NULL?,8,?NULL?,?NULL?,?NULL?,?NULL?,?NULL?,?NULL?,?NULL?,?NULL?,?NULL?,?NULL?,?NULL?,?NULL?,114,?NULL?,?NULL?,?NULL?,?NULL?,?NULL?,?NULL?,?NULL?,?NULL?,?NULL?,?NULL?,?NULL?,?NULL?,?NULL?,?NULL?,?NULL?,?NULL?,?NULL?,?NULL?,?NULL?,?NULL?,?NULL?,?NULL?,?NULL?,?NULL?,?NULL?,?NULL?,?NULL?,?NULL?,?NULL?,?NULL?,?NULL?,?NULL?,?NULL?,?NULL?,?NULL?,?NULL?
2021/1/1 0:00:00,?NULL?,?NULL?,115,normal,?NULL?,?NULL?,?NULL?,?NULL?,2021/1/1 0:00:00,?NULL?,2021/1/1 0:00:00,2021/1/1 0:00:00,?NULL?,940,840,?NULL?,8,?NULL?,64,64,?NULL?,16,?NULL?,?NULL?,?NULL?,?NULL?,?NULL?,?NULL?,?NULL?,?NULL?,?NULL?,?NULL?,?NULL?,?NULL?,115,?NULL?,?NULL?,?NULL?,?NULL?,?NULL?,?NULL?,?NULL?,?NULL?,?NULL?,?NULL?,?NULL?,?NULL?,?NULL?,?NULL?,?NULL?,?NULL?,?NULL?,?NULL?,?NULL?,?NULL?,?NULL?,?NULL?,?NULL?,?NULL?,?NULL?,?NULL?,?NULL?,?NULL?,?NULL?,?NULL?,?NULL?,?NULL?,?NULL?,?NULL?,?NULL?,?NULL?
2021/1/1 0:00:00,?NULL?,?NULL?,116,normal,?NULL?,?NULL?,?NULL?,?NULL?,2021/1/1 0:00:00,?NULL?,2021/1/1 0:00:00,2021/1/1 0:00:00,?NULL?,782,682,?NULL?,4,?NULL?,32,32,?NULL?,8,?NULL?,?NULL?,?NULL?,?NULL?,?NULL?,?NULL?,?NULL?,?NULL?,?NULL?,?NULL?,?NULL?,?NULL?,116,?NULL?,?NULL?,?NULL?,?NULL?,?NULL?,?NULL?,?NULL?,?NULL?,?NULL?,?NULL?,?NULL?,?NULL?,?NULL?,?NULL?,?NULL?,?NULL?,?NULL?,?NULL?,?NULL?,?NULL?,?NULL?,?NULL?,?NULL?,?NULL?,?NULL?,?NULL?,?NULL?,?NULL?,?NULL?,?NULL?,?NULL?,?NULL?,?NULL?,?NULL?,?NULL?,?NULL?
2021/1/1 0:00:00,?NULL?,?NULL?,117,normal,?NULL?,?NULL?,?NULL?,?NULL?,2021/1/1 0:00:00,?NULL?,2021/1/1 0:00:00,2021/1/1 0:00:00,?NULL?,819,719,?NULL?,8,?NULL?,64,64,?NULL?,16,?NULL?,?NULL?,?NULL?,?NULL?,?NULL?,?NULL?,?NULL?,?NULL?,?NULL?,?NULL?,?NULL?,?NULL?,117,?NULL?,?NULL?,?NULL?,?NULL?,?NULL?,?NULL?,?NULL?,?NULL?,?NULL?,?NULL?,?NULL?,?NULL?,?NULL?,?NULL?,?NULL?,?NULL?,?NULL?,?NULL?,?NULL?,?NULL?,?NULL?,?NULL?,?NULL?,?NULL?,?NULL?,?NULL?,?NULL?,?NULL?,?NULL?,?NULL?,?NULL?,?NULL?,?NULL?,?NULL?,?NULL?,?NULL?
2021/1/1 0:00:00,?NULL?,?NULL?,118,normal,?NULL?,?NULL?,?NULL?,?NULL?,2021/1/1 0:00:00,?NULL?,2021/1/1 0:00:00,2021/1/1 0:00:00,?NULL?,748,648,?NULL?,3,?NULL?,24,24,?NULL?,6,?NULL?,?NULL?,?NULL?,?NULL?,?NULL?,?NULL?,?NULL?,?NULL?,?NULL?,?NULL?,?NULL?,?NULL?,118,?NULL?,?NULL?,?NULL?,?NULL?,?NULL?,?NULL?,?NULL?,?NULL?,?NULL?,?NULL?,?NULL?,?NULL?,?NULL?,?NULL?,?NULL?,?NULL?,?NULL?,?NULL?,?NULL?,?NULL?,?NULL?,?NULL?,?NULL?,?NULL?,?NULL?,?NULL?,?NULL?,?NULL?,?NULL?,?NULL?,?NULL?,?NULL?,?NULL?,?NULL?,?NULL?,?NULL?
2021/1/1 0:00:00,?NULL?,?NULL?,119,normal,?NULL?,?NULL?,?NULL?,?NULL?,2021/1/1 0:00:00,?NULL?,2021/1/1 0:00:00,2021/1/1 0:00:00,?NULL?,752,652,?NULL?,5,?NULL?,40,40,?NULL?,10,?NULL?,?NULL?,?NULL?,?NULL?,?NULL?,?NULL?,?NULL?,?NULL?,?NULL?,?NULL?,?NULL?,?NULL?,119,?NULL?,?NULL?,?NULL?,?NULL?,?NULL?,?NULL?,?NULL?,?NULL?,?NULL?,?NULL?,?NULL?,?NULL?,?NULL?,?NULL?,?NULL?,?NULL?,?NULL?,?NULL?,?NULL?,?NULL?,?NULL?,?NULL?,?NULL?,?NULL?,?NULL?,?NULL?,?NULL?,?NULL?,?NULL?,?NULL?,?NULL?,?NULL?,?NULL?,?NULL?,?NULL?,?NULL?
2021/1/1 0:00:00,?NULL?,?NULL?,120,normal,?NULL?,?NULL?,?NULL?,?NULL?,2021/1/1 0:00:00,?NULL?,2021/1/1 0:00:00,2021/1/1 0:00:00,?NULL?,883,783,?NULL?,1,?NULL?,8,8,?NULL?,2,?NULL?,?NULL?,?NULL?,?NULL?,?NULL?,?NULL?,?NULL?,?NULL?,?NULL?,?NULL?,?NULL?,?NULL?,120,?NULL?,?NULL?,?NULL?,?NULL?,?NULL?,?NULL?,?NULL?,?NULL?,?NULL?,?NULL?,?NULL?,?NULL?,?NULL?,?NULL?,?NULL?,?NULL?,?NULL?,?NULL?,?NULL?,?NULL?,?NULL?,?NULL?,?NULL?,?NULL?,?NULL?,?NULL?,?NULL?,?NULL?,?NULL?,?NULL?,?NULL?,?NULL?,?NULL?,?NULL?,?NULL?,?NULL?
2021/1/1 0:00:00,?NULL?,?NULL?,121,normal,?NULL?,?NULL?,?NULL?,?NULL?,2021/1/1 0:00:00,?NULL?,2021/1/1 0:00:00,2021/1/1 0:00:00,?NULL?,894,794,?NULL?,2,?NULL?,16,16,?NULL?,4,?NULL?,?NULL?,?NULL?,?NULL?,?NULL?,?NULL?,?NULL?,?NULL?,?NULL?,?NULL?,?NULL?,?NULL?,121,?NULL?,?NULL?,?NULL?,?NULL?,?NULL?,?NULL?,?NULL?,?NULL?,?NULL?,?NULL?,?NULL?,?NULL?,?NULL?,?NULL?,?NULL?,?NULL?,?NULL?,?NULL?,?NULL?,?NULL?,?NULL?,?NULL?,?NULL?,?NULL?,?NULL?,?NULL?,?NULL?,?NULL?,?NULL?,?NULL?,?NULL?,?NULL?,?NULL?,?NULL?,?NULL?,?NULL?
2021/1/1 0:00:00,?NULL?,?NULL?,122,normal,?NULL?,?NULL?,?NULL?,?NULL?,2021/1/1 0:00:00,?NULL?,2021/1/1 0:00:00,2021/1/1 0:00:00,?NULL?,984,884,?NULL?,3,?NULL?,24,24,?NULL?,6,?NULL?,?NULL?,?NULL?,?NULL?,?NULL?,?NULL?,?NULL?,?NULL?,?NULL?,?NULL?,?NULL?,?NULL?,122,?NULL?,?NULL?,?NULL?,?NULL?,?NULL?,?NULL?,?NULL?,?NULL?,?NULL?,?NULL?,?NULL?,?NULL?,?NULL?,?NULL?,?NULL?,?NULL?,?NULL?,?NULL?,?NULL?,?NULL?,?NULL?,?NULL?,?NULL?,?NULL?,?NULL?,?NULL?,?NULL?,?NULL?,?NULL?,?NULL?,?NULL?,?NULL?,?NULL?,?NULL?,?NULL?,?NULL?
2021/1/1 0:00:00,?NULL?,?NULL?,123,normal,?NULL?,?NULL?,?NULL?,?NULL?,2021/1/1 0:00:00,?NULL?,2021/1/1 0:00:00,2021/1/1 0:00:00,?NULL?,872,772,?NULL?,3,?NULL?,24,24,?NULL?,6,?NULL?,?NULL?,?NULL?,?NULL?,?NULL?,?NULL?,?NULL?,?NULL?,?NULL?,?NULL?,?NULL?,?NULL?,123,?NULL?,?NULL?,?NULL?,?NULL?,?NULL?,?NULL?,?NULL?,?NULL?,?NULL?,?NULL?,?NULL?,?NULL?,?NULL?,?NULL?,?NULL?,?NULL?,?NULL?,?NULL?,?NULL?,?NULL?,?NULL?,?NULL?,?NULL?,?NULL?,?NULL?,?NULL?,?NULL?,?NULL?,?NULL?,?NULL?,?NULL?,?NULL?,?NULL?,?NULL?,?NULL?,?NULL?
2021/1/1 0:00:00,?NULL?,?NULL?,124,normal,?NULL?,?NULL?,?NULL?,?NULL?,2021/1/1 0:00:00,?NULL?,2021/1/1 0:00:00,2021/1/1 0:00:00,?NULL?,747,647,?NULL?,7,?NULL?,56,56,?NULL?,14,?NULL?,?NULL?,?NULL?,?NULL?,?NULL?,?NULL?,?NULL?,?NULL?,?NULL?,?NULL?,?NULL?,?NULL?,124,?NULL?,?NULL?,?NULL?,?NULL?,?NULL?,?NULL?,?NULL?,?NULL?,?NULL?,?NULL?,?NULL?,?NULL?,?NULL?,?NULL?,?NULL?,?NULL?,?NULL?,?NULL?,?NULL?,?NULL?,?NULL?,?NULL?,?NULL?,?NULL?,?NULL?,?NULL?,?NULL?,?NULL?,?NULL?,?NULL?,?NULL?,?NULL?,?NULL?,?NULL?,?NULL?,?NULL?
2021/1/1 0:00:00,?NULL?,?NULL?,125,normal,?NULL?,?NULL?,?NULL?,?NULL?,2021/1/1 0:00:00,?NULL?,2021/1/1 0:00:00,2021/1/1 0:00:00,?NULL?,783,683,?NULL?,1,?NULL?,8,8,?NULL?,2,?NULL?,?NULL?,?NULL?,?NULL?,?NULL?,?NULL?,?NULL?,?NULL?,?NULL?,?NULL?,?NULL?,?NULL?,125,?NULL?,?NULL?,?NULL?,?NULL?,?NULL?,?NULL?,?NULL?,?NULL?,?NULL?,?NULL?,?NULL?,?NULL?,?NULL?,?NULL?,?NULL?,?NULL?,?NULL?,?NULL?,?NULL?,?NULL?,?NULL?,?NULL?,?NULL?,?NULL?,?NULL?,?NULL?,?NULL?,?NULL?,?NULL?,?NULL?,?NULL?,?NULL?,?NULL?,?NULL?,?NULL?,?NULL?
2021/1/1 0:00:00,?NULL?,?NULL?,126,normal,?NULL?,?NULL?,?NULL?,?NULL?,2021/1/1 0:00:00,?NULL?,2021/1/1 0:00:00,2021/1/1 0:00:00,?NULL?,907,807,?NULL?,1,?NULL?,8,8,?NULL?,2,?NULL?,?NULL?,?NULL?,?NULL?,?NULL?,?NULL?,?NULL?,?NULL?,?NULL?,?NULL?,?NULL?,?NULL?,126,?NULL?,?NULL?,?NULL?,?NULL?,?NULL?,?NULL?,?NULL?,?NULL?,?NULL?,?NULL?,?NULL?,?NULL?,?NULL?,?NULL?,?NULL?,?NULL?,?NULL?,?NULL?,?NULL?,?NULL?,?NULL?,?NULL?,?NULL?,?NULL?,?NULL?,?NULL?,?NULL?,?NULL?,?NULL?,?NULL?,?NULL?,?NULL?,?NULL?,?NULL?,?NULL?,?NULL?
2021/1/1 0:00:00,?NULL?,?NULL?,127,normal,?NULL?,?NULL?,?NULL?,?NULL?,2021/1/1 0:00:00,?NULL?,2021/1/1 0:00:00,2021/1/1 0:00:00,?NULL?,885,785,?NULL?,6,?NULL?,48,48,?NULL?,12,?NULL?,?NULL?,?NULL?,?NULL?,?NULL?,?NULL?,?NULL?,?NULL?,?NULL?,?NULL?,?NULL?,?NULL?,127,?NULL?,?NULL?,?NULL?,?NULL?,?NULL?,?NULL?,?NULL?,?NULL?,?NULL?,?NULL?,?NULL?,?NULL?,?NULL?,?NULL?,?NULL?,?NULL?,?NULL?,?NULL?,?NULL?,?NULL?,?NULL?,?NULL?,?NULL?,?NULL?,?NULL?,?NULL?,?NULL?,?NULL?,?NULL?,?NULL?,?NULL?,?NULL?,?NULL?,?NULL?,?NULL?,?NULL?
2021/1/1 0:00:00,?NULL?,?NULL?,128,normal,?NULL?,?NULL?,?NULL?,?NULL?,2021/1/1 0:00:00,?NULL?,2021/1/1 0:00:00,2021/1/1 0:00:00,?NULL?,1097,997,?NULL?,3,?NULL?,24,24,?NULL?,6,?NULL?,?NULL?,?NULL?,?NULL?,?NULL?,?NULL?,?NULL?,?NULL?,?NULL?,?NULL?,?NULL?,?NULL?,128,?NULL?,?NULL?,?NULL?,?NULL?,?NULL?,?NULL?,?NULL?,?NULL?,?NULL?,?NULL?,?NULL?,?NULL?,?NULL?,?NULL?,?NULL?,?NULL?,?NULL?,?NULL?,?NULL?,?NULL?,?NULL?,?NULL?,?NULL?,?NULL?,?NULL?,?NULL?,?NULL?,?NULL?,?NULL?,?NULL?,?NULL?,?NULL?,?NULL?,?NULL?,?NULL?,?NULL?
2021/1/1 0:00:00,?NULL?,?NULL?,129,normal,?NULL?,?NULL?,?NULL?,?NULL?,2021/1/1 0:00:00,?NULL?,2021/1/1 0:00:00,2021/1/1 0:00:00,?NULL?,874,774,?NULL?,2,?NULL?,16,16,?NULL?,4,?NULL?,?NULL?,?NULL?,?NULL?,?NULL?,?NULL?,?NULL?,?NULL?,?NULL?,?NULL?,?NULL?,?NULL?,129,?NULL?,?NULL?,?NULL?,?NULL?,?NULL?,?NULL?,?NULL?,?NULL?,?NULL?,?NULL?,?NULL?,?NULL?,?NULL?,?NULL?,?NULL?,?NULL?,?NULL?,?NULL?,?NULL?,?NULL?,?NULL?,?NULL?,?NULL?,?NULL?,?NULL?,?NULL?,?NULL?,?NULL?,?NULL?,?NULL?,?NULL?,?NULL?,?NULL?,?NULL?,?NULL?,?NULL?
2021/1/1 0:00:00,?NULL?,?NULL?,130,normal,?NULL?,?NULL?,?NULL?,?NULL?,2021/1/1 0:00:00,?NULL?,2021/1/1 0:00:00,2021/1/1 0:00:00,?NULL?,1004,904,?NULL?,5,?NULL?,40,40,?NULL?,10,?NULL?,?NULL?,?NULL?,?NULL?,?NULL?,?NULL?,?NULL?,?NULL?,?NULL?,?NULL?,?NULL?,?NULL?,130,?NULL?,?NULL?,?NULL?,?NULL?,?NULL?,?NULL?,?NULL?,?NULL?,?NULL?,?NULL?,?NULL?,?NULL?,?NULL?,?NULL?,?NULL?,?NULL?,?NULL?,?NULL?,?NULL?,?NULL?,?NULL?,?NULL?,?NULL?,?NULL?,?NULL?,?NULL?,?NULL?,?NULL?,?NULL?,?NULL?,?NULL?,?NULL?,?NULL?,?NULL?,?NULL?,?NULL?
2021/1/1 0:00:00,?NULL?,?NULL?,131,normal,?NULL?,?NULL?,?NULL?,?NULL?,2021/1/1 0:00:00,?NULL?,2021/1/1 0:00:00,2021/1/1 0:00:00,?NULL?,887,787,?NULL?,3,?NULL?,24,24,?NULL?,6,?NULL?,?NULL?,?NULL?,?NULL?,?NULL?,?NULL?,?NULL?,?NULL?,?NULL?,?NULL?,?NULL?,?NULL?,131,?NULL?,?NULL?,?NULL?,?NULL?,?NULL?,?NULL?,?NULL?,?NULL?,?NULL?,?NULL?,?NULL?,?NULL?,?NULL?,?NULL?,?NULL?,?NULL?,?NULL?,?NULL?,?NULL?,?NULL?,?NULL?,?NULL?,?NULL?,?NULL?,?NULL?,?NULL?,?NULL?,?NULL?,?NULL?,?NULL?,?NULL?,?NULL?,?NULL?,?NULL?,?NULL?,?NULL?
2021/1/1 0:00:00,?NULL?,?NULL?,132,normal,?NULL?,?NULL?,?NULL?,?NULL?,2021/1/1 0:00:00,?NULL?,2021/1/1 0:00:00,2021/1/1 0:00:00,?NULL?,1086,986,?NULL?,3,?NULL?,24,24,?NULL?,6,?NULL?,?NULL?,?NULL?,?NULL?,?NULL?,?NULL?,?NULL?,?NULL?,?NULL?,?NULL?,?NULL?,?NULL?,132,?NULL?,?NULL?,?NULL?,?NULL?,?NULL?,?NULL?,?NULL?,?NULL?,?NULL?,?NULL?,?NULL?,?NULL?,?NULL?,?NULL?,?NULL?,?NULL?,?NULL?,?NULL?,?NULL?,?NULL?,?NULL?,?NULL?,?NULL?,?NULL?,?NULL?,?NULL?,?NULL?,?NULL?,?NULL?,?NULL?,?NULL?,?NULL?,?NULL?,?NULL?,?NULL?,?NULL?
2021/1/1 0:00:00,?NULL?,?NULL?,133,normal,?NULL?,?NULL?,?NULL?,?NULL?,2021/1/1 0:00:00,?NULL?,2021/1/1 0:00:00,2021/1/1 0:00:00,?NULL?,773,673,?NULL?,7,?NULL?,56,56,?NULL?,14,?NULL?,?NULL?,?NULL?,?NULL?,?NULL?,?NULL?,?NULL?,?NULL?,?NULL?,?NULL?,?NULL?,?NULL?,133,?NULL?,?NULL?,?NULL?,?NULL?,?NULL?,?NULL?,?NULL?,?NULL?,?NULL?,?NULL?,?NULL?,?NULL?,?NULL?,?NULL?,?NULL?,?NULL?,?NULL?,?NULL?,?NULL?,?NULL?,?NULL?,?NULL?,?NULL?,?NULL?,?NULL?,?NULL?,?NULL?,?NULL?,?NULL?,?NULL?,?NULL?,?NULL?,?NULL?,?NULL?,?NULL?,?NULL?
2021/1/1 0:00:00,?NULL?,?NULL?,134,normal,?NULL?,?NULL?,?NULL?,?NULL?,2021/1/1 0:00:00,?NULL?,2021/1/1 0:00:00,2021/1/1 0:00:00,?NULL?,790,690,?NULL?,8,?NULL?,64,64,?NULL?,16,?NULL?,?NULL?,?NULL?,?NULL?,?NULL?,?NULL?,?NULL?,?NULL?,?NULL?,?NULL?,?NULL?,?NULL?,134,?NULL?,?NULL?,?NULL?,?NULL?,?NULL?,?NULL?,?NULL?,?NULL?,?NULL?,?NULL?,?NULL?,?NULL?,?NULL?,?NULL?,?NULL?,?NULL?,?NULL?,?NULL?,?NULL?,?NULL?,?NULL?,?NULL?,?NULL?,?NULL?,?NULL?,?NULL?,?NULL?,?NULL?,?NULL?,?NULL?,?NULL?,?NULL?,?NULL?,?NULL?,?NULL?,?NULL?
2021/1/1 0:00:00,?NULL?,?NULL?,135,normal,?NULL?,?NULL?,?NULL?,?NULL?,2021/1/1 0:00:00,?NULL?,2021/1/1 0:00:00,2021/1/1 0:00:00,?NULL?,910,810,?NULL?,7,?NULL?,56,56,?NULL?,14,?NULL?,?NULL?,?NULL?,?NULL?,?NULL?,?NULL?,?NULL?,?NULL?,?NULL?,?NULL?,?NULL?,?NULL?,135,?NULL?,?NULL?,?NULL?,?NULL?,?NULL?,?NULL?,?NULL?,?NULL?,?NULL?,?NULL?,?NULL?,?NULL?,?NULL?,?NULL?,?NULL?,?NULL?,?NULL?,?NULL?,?NULL?,?NULL?,?NULL?,?NULL?,?NULL?,?NULL?,?NULL?,?NULL?,?NULL?,?NULL?,?NULL?,?NULL?,?NULL?,?NULL?,?NULL?,?NULL?,?NULL?,?NULL?
2021/1/1 0:00:00,?NULL?,?NULL?,136,normal,?NULL?,?NULL?,?NULL?,?NULL?,2021/1/1 0:00:00,?NULL?,2021/1/1 0:00:00,2021/1/1 0:00:00,?NULL?,784,684,?NULL?,6,?NULL?,48,48,?NULL?,12,?NULL?,?NULL?,?NULL?,?NULL?,?NULL?,?NULL?,?NULL?,?NULL?,?NULL?,?NULL?,?NULL?,?NULL?,136,?NULL?,?NULL?,?NULL?,?NULL?,?NULL?,?NULL?,?NULL?,?NULL?,?NULL?,?NULL?,?NULL?,?NULL?,?NULL?,?NULL?,?NULL?,?NULL?,?NULL?,?NULL?,?NULL?,?NULL?,?NULL?,?NULL?,?NULL?,?NULL?,?NULL?,?NULL?,?NULL?,?NULL?,?NULL?,?NULL?,?NULL?,?NULL?,?NULL?,?NULL?,?NULL?,?NULL?
2021/1/1 0:00:00,?NULL?,?NULL?,137,normal,?NULL?,?NULL?,?NULL?,?NULL?,2021/1/1 0:00:00,?NULL?,2021/1/1 0:00:00,2021/1/1 0:00:00,?NULL?,714,614,?NULL?,8,?NULL?,64,64,?NULL?,16,?NULL?,?NULL?,?NULL?,?NULL?,?NULL?,?NULL?,?NULL?,?NULL?,?NULL?,?NULL?,?NULL?,?NULL?,137,?NULL?,?NULL?,?NULL?,?NULL?,?NULL?,?NULL?,?NULL?,?NULL?,?NULL?,?NULL?,?NULL?,?NULL?,?NULL?,?NULL?,?NULL?,?NULL?,?NULL?,?NULL?,?NULL?,?NULL?,?NULL?,?NULL?,?NULL?,?NULL?,?NULL?,?NULL?,?NULL?,?NULL?,?NULL?,?NULL?,?NULL?,?NULL?,?NULL?,?NULL?,?NULL?,?NULL?
2021/1/1 0:00:00,?NULL?,?NULL?,138,normal,?NULL?,?NULL?,?NULL?,?NULL?,2021/1/1 0:00:00,?NULL?,2021/1/1 0:00:00,2021/1/1 0:00:00,?NULL?,1071,971,?NULL?,1,?NULL?,8,8,?NULL?,2,?NULL?,?NULL?,?NULL?,?NULL?,?NULL?,?NULL?,?NULL?,?NULL?,?NULL?,?NULL?,?NULL?,?NULL?,138,?NULL?,?NULL?,?NULL?,?NULL?,?NULL?,?NULL?,?NULL?,?NULL?,?NULL?,?NULL?,?NULL?,?NULL?,?NULL?,?NULL?,?NULL?,?NULL?,?NULL?,?NULL?,?NULL?,?NULL?,?NULL?,?NULL?,?NULL?,?NULL?,?NULL?,?NULL?,?NULL?,?NULL?,?NULL?,?NULL?,?NULL?,?NULL?,?NULL?,?NULL?,?NULL?,?NULL?
2021/1/1 0:00:00,?NULL?,?NULL?,139,normal,?NULL?,?NULL?,?NULL?,?NULL?,2021/1/1 0:00:00,?NULL?,2021/1/1 0:00:00,2021/1/1 0:00:00,?NULL?,827,727,?NULL?,2,?NULL?,16,16,?NULL?,4,?NULL?,?NULL?,?NULL?,?NULL?,?NULL?,?NULL?,?NULL?,?NULL?,?NULL?,?NULL?,?NULL?,?NULL?,139,?NULL?,?NULL?,?NULL?,?NULL?,?NULL?,?NULL?,?NULL?,?NULL?,?NULL?,?NULL?,?NULL?,?NULL?,?NULL?,?NULL?,?NULL?,?NULL?,?NULL?,?NULL?,?NULL?,?NULL?,?NULL?,?NULL?,?NULL?,?NULL?,?NULL?,?NULL?,?NULL?,?NULL?,?NULL?,?NULL?,?NULL?,?NULL?,?NULL?,?NULL?,?NULL?,?NULL?
2021/1/1 0:00:00,?NULL?,?NULL?,140,normal,?NULL?,?NULL?,?NULL?,?NULL?,2021/1/1 0:00:00,?NULL?,2021/1/1 0:00:00,2021/1/1 0:00:00,?NULL?,1007,907,?NULL?,2,?NULL?,16,16,?NULL?,4,?NULL?,?NULL?,?NULL?,?NULL?,?NULL?,?NULL?,?NULL?,?NULL?,?NULL?,?NULL?,?NULL?,?NULL?,140,?NULL?,?NULL?,?NULL?,?NULL?,?NULL?,?NULL?,?NULL?,?NULL?,?NULL?,?NULL?,?NULL?,?NULL?,?NULL?,?NULL?,?NULL?,?NULL?,?NULL?,?NULL?,?NULL?,?NULL?,?NULL?,?NULL?,?NULL?,?NULL?,?NULL?,?NULL?,?NULL?,?NULL?,?NULL?,?NULL?,?NULL?,?NULL?,?NULL?,?NULL?,?NULL?,?NULL?
2021/1/1 0:00:00,?NULL?,?NULL?,141,normal,?NULL?,?NULL?,?NULL?,?NULL?,2021/1/1 0:00:00,?NULL?,2021/1/1 0:00:00,2021/1/1 0:00:00,?NULL?,930,830,?NULL?,6,?NULL?,48,48,?NULL?,12,?NULL?,?NULL?,?NULL?,?NULL?,?NULL?,?NULL?,?NULL?,?NULL?,?NULL?,?NULL?,?NULL?,?NULL?,141,?NULL?,?NULL?,?NULL?,?NULL?,?NULL?,?NULL?,?NULL?,?NULL?,?NULL?,?NULL?,?NULL?,?NULL?,?NULL?,?NULL?,?NULL?,?NULL?,?NULL?,?NULL?,?NULL?,?NULL?,?NULL?,?NULL?,?NULL?,?NULL?,?NULL?,?NULL?,?NULL?,?NULL?,?NULL?,?NULL?,?NULL?,?NULL?,?NULL?,?NULL?,?NULL?,?NULL?
2021/1/1 0:00:00,?NULL?,?NULL?,142,normal,?NULL?,?NULL?,?NULL?,?NULL?,2021/1/1 0:00:00,?NULL?,2021/1/1 0:00:00,2021/1/1 0:00:00,?NULL?,1018,918,?NULL?,8,?NULL?,64,64,?NULL?,16,?NULL?,?NULL?,?NULL?,?NULL?,?NULL?,?NULL?,?NULL?,?NULL?,?NULL?,?NULL?,?NULL?,?NULL?,142,?NULL?,?NULL?,?NULL?,?NULL?,?NULL?,?NULL?,?NULL?,?NULL?,?NULL?,?NULL?,?NULL?,?NULL?,?NULL?,?NULL?,?NULL?,?NULL?,?NULL?,?NULL?,?NULL?,?NULL?,?NULL?,?NULL?,?NULL?,?NULL?,?NULL?,?NULL?,?NULL?,?NULL?,?NULL?,?NULL?,?NULL?,?NULL?,?NULL?,?NULL?,?NULL?,?NULL?
2021/1/1 0:00:00,?NULL?,?NULL?,143,normal,?NULL?,?NULL?,?NULL?,?NULL?,2021/1/1 0:00:00,?NULL?,2021/1/1 0:00:00,2021/1/1 0:00:00,?NULL?,947,847,?NULL?,2,?NULL?,16,16,?NULL?,4,?NULL?,?NULL?,?NULL?,?NULL?,?NULL?,?NULL?,?NULL?,?NULL?,?NULL?,?NULL?,?NULL?,?NULL?,143,?NULL?,?NULL?,?NULL?,?NULL?,?NULL?,?NULL?,?NULL?,?NULL?,?NULL?,?NULL?,?NULL?,?NULL?,?NULL?,?NULL?,?NULL?,?NULL?,?NULL?,?NULL?,?NULL?,?NULL?,?NULL?,?NULL?,?NULL?,?NULL?,?NULL?,?NULL?,?NULL?,?NULL?,?NULL?,?NULL?,?NULL?,?NULL?,?NULL?,?NULL?,?NULL?,?NULL?
2021/1/1 0:00:00,?NULL?,?NULL?,144,normal,?NULL?,?NULL?,?NULL?,?NULL?,2021/1/1 0:00:00,?NULL?,2021/1/1 0:00:00,2021/1/1 0:00:00,?NULL?,1005,905,?NULL?,6,?NULL?,48,48,?NULL?,12,?NULL?,?NULL?,?NULL?,?NULL?,?NULL?,?NULL?,?NULL?,?NULL?,?NULL?,?NULL?,?NULL?,?NULL?,144,?NULL?,?NULL?,?NULL?,?NULL?,?NULL?,?NULL?,?NULL?,?NULL?,?NULL?,?NULL?,?NULL?,?NULL?,?NULL?,?NULL?,?NULL?,?NULL?,?NULL?,?NULL?,?NULL?,?NULL?,?NULL?,?NULL?,?NULL?,?NULL?,?NULL?,?NULL?,?NULL?,?NULL?,?NULL?,?NULL?,?NULL?,?NULL?,?NULL?,?NULL?,?NULL?,?NULL?
2021/1/1 0:00:00,?NULL?,?NULL?,145,normal,?NULL?,?NULL?,?NULL?,?NULL?,2021/1/1 0:00:00,?NULL?,2021/1/1 0:00:00,2021/1/1 0:00:00,?NULL?,754,654,?NULL?,1,?NULL?,8,8,?NULL?,2,?NULL?,?NULL?,?NULL?,?NULL?,?NULL?,?NULL?,?NULL?,?NULL?,?NULL?,?NULL?,?NULL?,?NULL?,145,?NULL?,?NULL?,?NULL?,?NULL?,?NULL?,?NULL?,?NULL?,?NULL?,?NULL?,?NULL?,?NULL?,?NULL?,?NULL?,?NULL?,?NULL?,?NULL?,?NULL?,?NULL?,?NULL?,?NULL?,?NULL?,?NULL?,?NULL?,?NULL?,?NULL?,?NULL?,?NULL?,?NULL?,?NULL?,?NULL?,?NULL?,?NULL?,?NULL?,?NULL?,?NULL?,?NULL?
2021/1/1 0:00:00,?NULL?,?NULL?,146,normal,?NULL?,?NULL?,?NULL?,?NULL?,2021/1/1 0:00:00,?NULL?,2021/1/1 0:00:00,2021/1/1 0:00:00,?NULL?,727,627,?NULL?,3,?NULL?,24,24,?NULL?,6,?NULL?,?NULL?,?NULL?,?NULL?,?NULL?,?NULL?,?NULL?,?NULL?,?NULL?,?NULL?,?NULL?,?NULL?,146,?NULL?,?NULL?,?NULL?,?NULL?,?NULL?,?NULL?,?NULL?,?NULL?,?NULL?,?NULL?,?NULL?,?NULL?,?NULL?,?NULL?,?NULL?,?NULL?,?NULL?,?NULL?,?NULL?,?NULL?,?NULL?,?NULL?,?NULL?,?NULL?,?NULL?,?NULL?,?NULL?,?NULL?,?NULL?,?NULL?,?NULL?,?NULL?,?NULL?,?NULL?,?NULL?,?NULL?
2021/1/1 0:00:00,?NULL?,?NULL?,147,normal,?NULL?,?NULL?,?NULL?,?NULL?,2021/1/1 0:00:00,?NULL?,2021/1/1 0:00:00,2021/1/1 0:00:00,?NULL?,781,681,?NULL?,8,?NULL?,64,64,?NULL?,16,?NULL?,?NULL?,?NULL?,?NULL?,?NULL?,?NULL?,?NULL?,?NULL?,?NULL?,?NULL?,?NULL?,?NULL?,147,?NULL?,?NULL?,?NULL?,?NULL?,?NULL?,?NULL?,?NULL?,?NULL?,?NULL?,?NULL?,?NULL?,?NULL?,?NULL?,?NULL?,?NULL?,?NULL?,?NULL?,?NULL?,?NULL?,?NULL?,?NULL?,?NULL?,?NULL?,?NULL?,?NULL?,?NULL?,?NULL?,?NULL?,?NULL?,?NULL?,?NULL?,?NULL?,?NULL?,?NULL?,?NULL?,?NULL?
2021/1/1 0:00:00,?NULL?,?NULL?,148,normal,?NULL?,?NULL?,?NULL?,?NULL?,2021/1/1 0:00:00,?NULL?,2021/1/1 0:00:00,2021/1/1 0:00:00,?NULL?,870,770,?NULL?,1,?NULL?,8,8,?NULL?,2,?NULL?,?NULL?,?NULL?,?NULL?,?NULL?,?NULL?,?NULL?,?NULL?,?NULL?,?NULL?,?NULL?,?NULL?,148,?NULL?,?NULL?,?NULL?,?NULL?,?NULL?,?NULL?,?NULL?,?NULL?,?NULL?,?NULL?,?NULL?,?NULL?,?NULL?,?NULL?,?NULL?,?NULL?,?NULL?,?NULL?,?NULL?,?NULL?,?NULL?,?NULL?,?NULL?,?NULL?,?NULL?,?NULL?,?NULL?,?NULL?,?NULL?,?NULL?,?NULL?,?NULL?,?NULL?,?NULL?,?NULL?,?NULL?
2021/1/1 0:00:00,?NULL?,?NULL?,149,normal,?NULL?,?NULL?,?NULL?,?NULL?,2021/1/1 0:00:00,?NULL?,2021/1/1 0:00:00,2021/1/1 0:00:00,?NULL?,1094,994,?NULL?,5,?NULL?,40,40,?NULL?,10,?NULL?,?NULL?,?NULL?,?NULL?,?NULL?,?NULL?,?NULL?,?NULL?,?NULL?,?NULL?,?NULL?,?NULL?,149,?NULL?,?NULL?,?NULL?,?NULL?,?NULL?,?NULL?,?NULL?,?NULL?,?NULL?,?NULL?,?NULL?,?NULL?,?NULL?,?NULL?,?NULL?,?NULL?,?NULL?,?NULL?,?NULL?,?NULL?,?NULL?,?NULL?,?NULL?,?NULL?,?NULL?,?NULL?,?NULL?,?NULL?,?NULL?,?NULL?,?NULL?,?NULL?,?NULL?,?NULL?,?NULL?,?NULL?
2021/1/1 0:00:00,?NULL?,?NULL?,150,normal,?NULL?,?NULL?,?NULL?,?NULL?,2021/1/1 0:00:00,?NULL?,2021/1/1 0:00:00,2021/1/1 0:00:00,?NULL?,1034,934,?NULL?,5,?NULL?,40,40,?NULL?,10,?NULL?,?NULL?,?NULL?,?NULL?,?NULL?,?NULL?,?NULL?,?NULL?,?NULL?,?NULL?,?NULL?,?NULL?,150,?NULL?,?NULL?,?NULL?,?NULL?,?NULL?,?NULL?,?NULL?,?NULL?,?NULL?,?NULL?,?NULL?,?NULL?,?NULL?,?NULL?,?NULL?,?NULL?,?NULL?,?NULL?,?NULL?,?NULL?,?NULL?,?NULL?,?NULL?,?NULL?,?NULL?,?NULL?,?NULL?,?NULL?,?NULL?,?NULL?,?NULL?,?NULL?,?NULL?,?NULL?,?NULL?,?NULL?
2021/1/1 0:00:00,?NULL?,?NULL?,151,normal,?NULL?,?NULL?,?NULL?,?NULL?,2021/1/1 0:00:00,?NULL?,2021/1/1 0:00:00,2021/1/1 0:00:00,?NULL?,708,608,?NULL?,8,?NULL?,64,64,?NULL?,16,?NULL?,?NULL?,?NULL?,?NULL?,?NULL?,?NULL?,?NULL?,?NULL?,?NULL?,?NULL?,?NULL?,?NULL?,151,?NULL?,?NULL?,?NULL?,?NULL?,?NULL?,?NULL?,?NULL?,?NULL?,?NULL?,?NULL?,?NULL?,?NULL?,?NULL?,?NULL?,?NULL?,?NULL?,?NULL?,?NULL?,?NULL?,?NULL?,?NULL?,?NULL?,?NULL?,?NULL?,?NULL?,?NULL?,?NULL?,?NULL?,?NULL?,?NULL?,?NULL?,?NULL?,?NULL?,?NULL?,?NULL?,?NULL?
2021/1/1 0:00:00,?NULL?,?NULL?,152,normal,?NULL?,?NULL?,?NULL?,?NULL?,2021/1/1 0:00:00,?NULL?,2021/1/1 0:00:00,2021/1/1 0:00:00,?NULL?,1056,956,?NULL?,5,?NULL?,40,40,?NULL?,10,?NULL?,?NULL?,?NULL?,?NULL?,?NULL?,?NULL?,?NULL?,?NULL?,?NULL?,?NULL?,?NULL?,?NULL?,152,?NULL?,?NULL?,?NULL?,?NULL?,?NULL?,?NULL?,?NULL?,?NULL?,?NULL?,?NULL?,?NULL?,?NULL?,?NULL?,?NULL?,?NULL?,?NULL?,?NULL?,?NULL?,?NULL?,?NULL?,?NULL?,?NULL?,?NULL?,?NULL?,?NULL?,?NULL?,?NULL?,?NULL?,?NULL?,?NULL?,?NULL?,?NULL?,?NULL?,?NULL?,?NULL?,?NULL?
2021/1/1 0:00:00,?NULL?,?NULL?,153,normal,?NULL?,?NULL?,?NULL?,?NULL?,2021/1/1 0:00:00,?NULL?,2021/1/1 0:00:00,2021/1/1 0:00:00,?NULL?,729,629,?NULL?,1,?NULL?,8,8,?NULL?,2,?NULL?,?NULL?,?NULL?,?NULL?,?NULL?,?NULL?,?NULL?,?NULL?,?NULL?,?NULL?,?NULL?,?NULL?,153,?NULL?,?NULL?,?NULL?,?NULL?,?NULL?,?NULL?,?NULL?,?NULL?,?NULL?,?NULL?,?NULL?,?NULL?,?NULL?,?NULL?,?NULL?,?NULL?,?NULL?,?NULL?,?NULL?,?NULL?,?NULL?,?NULL?,?NULL?,?NULL?,?NULL?,?NULL?,?NULL?,?NULL?,?NULL?,?NULL?,?NULL?,?NULL?,?NULL?,?NULL?,?NULL?,?NULL?
2021/1/1 0:00:00,?NULL?,?NULL?,154,normal,?NULL?,?NULL?,?NULL?,?NULL?,2021/1/1 0:00:00,?NULL?,2021/1/1 0:00:00,2021/1/1 0:00:00,?NULL?,729,629,?NULL?,7,?NULL?,56,56,?NULL?,14,?NULL?,?NULL?,?NULL?,?NULL?,?NULL?,?NULL?,?NULL?,?NULL?,?NULL?,?NULL?,?NULL?,?NULL?,154,?NULL?,?NULL?,?NULL?,?NULL?,?NULL?,?NULL?,?NULL?,?NULL?,?NULL?,?NULL?,?NULL?,?NULL?,?NULL?,?NULL?,?NULL?,?NULL?,?NULL?,?NULL?,?NULL?,?NULL?,?NULL?,?NULL?,?NULL?,?NULL?,?NULL?,?NULL?,?NULL?,?NULL?,?NULL?,?NULL?,?NULL?,?NULL?,?NULL?,?NULL?,?NULL?,?NULL?
2021/1/1 0:00:00,?NULL?,?NULL?,155,normal,?NULL?,?NULL?,?NULL?,?NULL?,2021/1/1 0:00:00,?NULL?,2021/1/1 0:00:00,2021/1/1 0:00:00,?NULL?,726,626,?NULL?,5,?NULL?,40,40,?NULL?,10,?NULL?,?NULL?,?NULL?,?NULL?,?NULL?,?NULL?,?NULL?,?NULL?,?NULL?,?NULL?,?NULL?,?NULL?,155,?NULL?,?NULL?,?NULL?,?NULL?,?NULL?,?NULL?,?NULL?,?NULL?,?NULL?,?NULL?,?NULL?,?NULL?,?NULL?,?NULL?,?NULL?,?NULL?,?NULL?,?NULL?,?NULL?,?NULL?,?NULL?,?NULL?,?NULL?,?NULL?,?NULL?,?NULL?,?NULL?,?NULL?,?NULL?,?NULL?,?NULL?,?NULL?,?NULL?,?NULL?,?NULL?,?NULL?
2021/1/1 0:00:00,?NULL?,?NULL?,156,normal,?NULL?,?NULL?,?NULL?,?NULL?,2021/1/1 0:00:00,?NULL?,2021/1/1 0:00:00,2021/1/1 0:00:00,?NULL?,800,700,?NULL?,8,?NULL?,64,64,?NULL?,16,?NULL?,?NULL?,?NULL?,?NULL?,?NULL?,?NULL?,?NULL?,?NULL?,?NULL?,?NULL?,?NULL?,?NULL?,156,?NULL?,?NULL?,?NULL?,?NULL?,?NULL?,?NULL?,?NULL?,?NULL?,?NULL?,?NULL?,?NULL?,?NULL?,?NULL?,?NULL?,?NULL?,?NULL?,?NULL?,?NULL?,?NULL?,?NULL?,?NULL?,?NULL?,?NULL?,?NULL?,?NULL?,?NULL?,?NULL?,?NULL?,?NULL?,?NULL?,?NULL?,?NULL?,?NULL?,?NULL?,?NULL?,?NULL?
2021/1/1 0:00:00,?NULL?,?NULL?,157,normal,?NULL?,?NULL?,?NULL?,?NULL?,2021/1/1 0:00:00,?NULL?,2021/1/1 0:00:00,2021/1/1 0:00:00,?NULL?,1034,934,?NULL?,5,?NULL?,40,40,?NULL?,10,?NULL?,?NULL?,?NULL?,?NULL?,?NULL?,?NULL?,?NULL?,?NULL?,?NULL?,?NULL?,?NULL?,?NULL?,157,?NULL?,?NULL?,?NULL?,?NULL?,?NULL?,?NULL?,?NULL?,?NULL?,?NULL?,?NULL?,?NULL?,?NULL?,?NULL?,?NULL?,?NULL?,?NULL?,?NULL?,?NULL?,?NULL?,?NULL?,?NULL?,?NULL?,?NULL?,?NULL?,?NULL?,?NULL?,?NULL?,?NULL?,?NULL?,?NULL?,?NULL?,?NULL?,?NULL?,?NULL?,?NULL?,?NULL?
2021/1/1 0:00:00,?NULL?,?NULL?,158,normal,?NULL?,?NULL?,?NULL?,?NULL?,2021/1/1 0:00:00,?NULL?,2021/1/1 0:00:00,2021/1/1 0:00:00,?NULL?,749,649,?NULL?,5,?NULL?,40,40,?NULL?,10,?NULL?,?NULL?,?NULL?,?NULL?,?NULL?,?NULL?,?NULL?,?NULL?,?NULL?,?NULL?,?NULL?,?NULL?,158,?NULL?,?NULL?,?NULL?,?NULL?,?NULL?,?NULL?,?NULL?,?NULL?,?NULL?,?NULL?,?NULL?,?NULL?,?NULL?,?NULL?,?NULL?,?NULL?,?NULL?,?NULL?,?NULL?,?NULL?,?NULL?,?NULL?,?NULL?,?NULL?,?NULL?,?NULL?,?NULL?,?NULL?,?NULL?,?NULL?,?NULL?,?NULL?,?NULL?,?NULL?,?NULL?,?NULL?
2021/1/1 0:00:00,?NULL?,?NULL?,159,normal,?NULL?,?NULL?,?NULL?,?NULL?,2021/1/1 0:00:00,?NULL?,2021/1/1 0:00:00,2021/1/1 0:00:00,?NULL?,783,683,?NULL?,1,?NULL?,8,8,?NULL?,2,?NULL?,?NULL?,?NULL?,?NULL?,?NULL?,?NULL?,?NULL?,?NULL?,?NULL?,?NULL?,?NULL?,?NULL?,159,?NULL?,?NULL?,?NULL?,?NULL?,?NULL?,?NULL?,?NULL?,?NULL?,?NULL?,?NULL?,?NULL?,?NULL?,?NULL?,?NULL?,?NULL?,?NULL?,?NULL?,?NULL?,?NULL?,?NULL?,?NULL?,?NULL?,?NULL?,?NULL?,?NULL?,?NULL?,?NULL?,?NULL?,?NULL?,?NULL?,?NULL?,?NULL?,?NULL?,?NULL?,?NULL?,?NULL?
2021/1/1 0:00:00,?NULL?,?NULL?,160,normal,?NULL?,?NULL?,?NULL?,?NULL?,2021/1/1 0:00:00,?NULL?,2021/1/1 0:00:00,2021/1/1 0:00:00,?NULL?,702,602,?NULL?,4,?NULL?,32,32,?NULL?,8,?NULL?,?NULL?,?NULL?,?NULL?,?NULL?,?NULL?,?NULL?,?NULL?,?NULL?,?NULL?,?NULL?,?NULL?,160,?NULL?,?NULL?,?NULL?,?NULL?,?NULL?,?NULL?,?NULL?,?NULL?,?NULL?,?NULL?,?NULL?,?NULL?,?NULL?,?NULL?,?NULL?,?NULL?,?NULL?,?NULL?,?NULL?,?NULL?,?NULL?,?NULL?,?NULL?,?NULL?,?NULL?,?NULL?,?NULL?,?NULL?,?NULL?,?NULL?,?NULL?,?NULL?,?NULL?,?NULL?,?NULL?,?NULL?
2021/1/1 0:00:00,?NULL?,?NULL?,161,normal,?NULL?,?NULL?,?NULL?,?NULL?,2021/1/1 0:00:00,?NULL?,2021/1/1 0:00:00,2021/1/1 0:00:00,?NULL?,852,752,?NULL?,7,?NULL?,56,56,?NULL?,14,?NULL?,?NULL?,?NULL?,?NULL?,?NULL?,?NULL?,?NULL?,?NULL?,?NULL?,?NULL?,?NULL?,?NULL?,161,?NULL?,?NULL?,?NULL?,?NULL?,?NULL?,?NULL?,?NULL?,?NULL?,?NULL?,?NULL?,?NULL?,?NULL?,?NULL?,?NULL?,?NULL?,?NULL?,?NULL?,?NULL?,?NULL?,?NULL?,?NULL?,?NULL?,?NULL?,?NULL?,?NULL?,?NULL?,?NULL?,?NULL?,?NULL?,?NULL?,?NULL?,?NULL?,?NULL?,?NULL?,?NULL?,?NULL?
2021/1/1 0:00:00,?NULL?,?NULL?,162,normal,?NULL?,?NULL?,?NULL?,?NULL?,2021/1/1 0:00:00,?NULL?,2021/1/1 0:00:00,2021/1/1 0:00:00,?NULL?,766,666,?NULL?,4,?NULL?,32,32,?NULL?,8,?NULL?,?NULL?,?NULL?,?NULL?,?NULL?,?NULL?,?NULL?,?NULL?,?NULL?,?NULL?,?NULL?,?NULL?,162,?NULL?,?NULL?,?NULL?,?NULL?,?NULL?,?NULL?,?NULL?,?NULL?,?NULL?,?NULL?,?NULL?,?NULL?,?NULL?,?NULL?,?NULL?,?NULL?,?NULL?,?NULL?,?NULL?,?NULL?,?NULL?,?NULL?,?NULL?,?NULL?,?NULL?,?NULL?,?NULL?,?NULL?,?NULL?,?NULL?,?NULL?,?NULL?,?NULL?,?NULL?,?NULL?,?NULL?
2021/1/1 0:00:00,?NULL?,?NULL?,163,normal,?NULL?,?NULL?,?NULL?,?NULL?,2021/1/1 0:00:00,?NULL?,2021/1/1 0:00:00,2021/1/1 0:00:00,?NULL?,1021,921,?NULL?,6,?NULL?,48,48,?NULL?,12,?NULL?,?NULL?,?NULL?,?NULL?,?NULL?,?NULL?,?NULL?,?NULL?,?NULL?,?NULL?,?NULL?,?NULL?,163,?NULL?,?NULL?,?NULL?,?NULL?,?NULL?,?NULL?,?NULL?,?NULL?,?NULL?,?NULL?,?NULL?,?NULL?,?NULL?,?NULL?,?NULL?,?NULL?,?NULL?,?NULL?,?NULL?,?NULL?,?NULL?,?NULL?,?NULL?,?NULL?,?NULL?,?NULL?,?NULL?,?NULL?,?NULL?,?NULL?,?NULL?,?NULL?,?NULL?,?NULL?,?NULL?,?NULL?
2021/1/1 0:00:00,?NULL?,?NULL?,164,normal,?NULL?,?NULL?,?NULL?,?NULL?,2021/1/1 0:00:00,?NULL?,2021/1/1 0:00:00,2021/1/1 0:00:00,?NULL?,859,759,?NULL?,2,?NULL?,16,16,?NULL?,4,?NULL?,?NULL?,?NULL?,?NULL?,?NULL?,?NULL?,?NULL?,?NULL?,?NULL?,?NULL?,?NULL?,?NULL?,164,?NULL?,?NULL?,?NULL?,?NULL?,?NULL?,?NULL?,?NULL?,?NULL?,?NULL?,?NULL?,?NULL?,?NULL?,?NULL?,?NULL?,?NULL?,?NULL?,?NULL?,?NULL?,?NULL?,?NULL?,?NULL?,?NULL?,?NULL?,?NULL?,?NULL?,?NULL?,?NULL?,?NULL?,?NULL?,?NULL?,?NULL?,?NULL?,?NULL?,?NULL?,?NULL?,?NULL?
2021/1/1 0:00:00,?NULL?,?NULL?,165,normal,?NULL?,?NULL?,?NULL?,?NULL?,2021/1/1 0:00:00,?NULL?,2021/1/1 0:00:00,2021/1/1 0:00:00,?NULL?,976,876,?NULL?,1,?NULL?,8,8,?NULL?,2,?NULL?,?NULL?,?NULL?,?NULL?,?NULL?,?NULL?,?NULL?,?NULL?,?NULL?,?NULL?,?NULL?,?NULL?,165,?NULL?,?NULL?,?NULL?,?NULL?,?NULL?,?NULL?,?NULL?,?NULL?,?NULL?,?NULL?,?NULL?,?NULL?,?NULL?,?NULL?,?NULL?,?NULL?,?NULL?,?NULL?,?NULL?,?NULL?,?NULL?,?NULL?,?NULL?,?NULL?,?NULL?,?NULL?,?NULL?,?NULL?,?NULL?,?NULL?,?NULL?,?NULL?,?NULL?,?NULL?,?NULL?,?NULL?
2021/1/1 0:00:00,?NULL?,?NULL?,166,normal,?NULL?,?NULL?,?NULL?,?NULL?,2021/1/1 0:00:00,?NULL?,2021/1/1 0:00:00,2021/1/1 0:00:00,?NULL?,960,860,?NULL?,8,?NULL?,64,64,?NULL?,16,?NULL?,?NULL?,?NULL?,?NULL?,?NULL?,?NULL?,?NULL?,?NULL?,?NULL?,?NULL?,?NULL?,?NULL?,166,?NULL?,?NULL?,?NULL?,?NULL?,?NULL?,?NULL?,?NULL?,?NULL?,?NULL?,?NULL?,?NULL?,?NULL?,?NULL?,?NULL?,?NULL?,?NULL?,?NULL?,?NULL?,?NULL?,?NULL?,?NULL?,?NULL?,?NULL?,?NULL?,?NULL?,?NULL?,?NULL?,?NULL?,?NULL?,?NULL?,?NULL?,?NULL?,?NULL?,?NULL?,?NULL?,?NULL?
2021/1/1 0:00:00,?NULL?,?NULL?,167,normal,?NULL?,?NULL?,?NULL?,?NULL?,2021/1/1 0:00:00,?NULL?,2021/1/1 0:00:00,2021/1/1 0:00:00,?NULL?,820,720,?NULL?,7,?NULL?,56,56,?NULL?,14,?NULL?,?NULL?,?NULL?,?NULL?,?NULL?,?NULL?,?NULL?,?NULL?,?NULL?,?NULL?,?NULL?,?NULL?,167,?NULL?,?NULL?,?NULL?,?NULL?,?NULL?,?NULL?,?NULL?,?NULL?,?NULL?,?NULL?,?NULL?,?NULL?,?NULL?,?NULL?,?NULL?,?NULL?,?NULL?,?NULL?,?NULL?,?NULL?,?NULL?,?NULL?,?NULL?,?NULL?,?NULL?,?NULL?,?NULL?,?NULL?,?NULL?,?NULL?,?NULL?,?NULL?,?NULL?,?NULL?,?NULL?,?NULL?
2021/1/1 0:00:00,?NULL?,?NULL?,168,normal,?NULL?,?NULL?,?NULL?,?NULL?,2021/1/1 0:00:00,?NULL?,2021/1/1 0:00:00,2021/1/1 0:00:00,?NULL?,1013,913,?NULL?,3,?NULL?,24,24,?NULL?,6,?NULL?,?NULL?,?NULL?,?NULL?,?NULL?,?NULL?,?NULL?,?NULL?,?NULL?,?NULL?,?NULL?,?NULL?,168,?NULL?,?NULL?,?NULL?,?NULL?,?NULL?,?NULL?,?NULL?,?NULL?,?NULL?,?NULL?,?NULL?,?NULL?,?NULL?,?NULL?,?NULL?,?NULL?,?NULL?,?NULL?,?NULL?,?NULL?,?NULL?,?NULL?,?NULL?,?NULL?,?NULL?,?NULL?,?NULL?,?NULL?,?NULL?,?NULL?,?NULL?,?NULL?,?NULL?,?NULL?,?NULL?,?NULL?
2021/1/1 0:00:00,?NULL?,?NULL?,169,normal,?NULL?,?NULL?,?NULL?,?NULL?,2021/1/1 0:00:00,?NULL?,2021/1/1 0:00:00,2021/1/1 0:00:00,?NULL?,952,852,?NULL?,2,?NULL?,16,16,?NULL?,4,?NULL?,?NULL?,?NULL?,?NULL?,?NULL?,?NULL?,?NULL?,?NULL?,?NULL?,?NULL?,?NULL?,?NULL?,169,?NULL?,?NULL?,?NULL?,?NULL?,?NULL?,?NULL?,?NULL?,?NULL?,?NULL?,?NULL?,?NULL?,?NULL?,?NULL?,?NULL?,?NULL?,?NULL?,?NULL?,?NULL?,?NULL?,?NULL?,?NULL?,?NULL?,?NULL?,?NULL?,?NULL?,?NULL?,?NULL?,?NULL?,?NULL?,?NULL?,?NULL?,?NULL?,?NULL?,?NULL?,?NULL?,?NULL?
2021/1/1 0:00:00,?NULL?,?NULL?,170,normal,?NULL?,?NULL?,?NULL?,?NULL?,2021/1/1 0:00:00,?NULL?,2021/1/1 0:00:00,2021/1/1 0:00:00,?NULL?,860,760,?NULL?,4,?NULL?,32,32,?NULL?,8,?NULL?,?NULL?,?NULL?,?NULL?,?NULL?,?NULL?,?NULL?,?NULL?,?NULL?,?NULL?,?NULL?,?NULL?,170,?NULL?,?NULL?,?NULL?,?NULL?,?NULL?,?NULL?,?NULL?,?NULL?,?NULL?,?NULL?,?NULL?,?NULL?,?NULL?,?NULL?,?NULL?,?NULL?,?NULL?,?NULL?,?NULL?,?NULL?,?NULL?,?NULL?,?NULL?,?NULL?,?NULL?,?NULL?,?NULL?,?NULL?,?NULL?,?NULL?,?NULL?,?NULL?,?NULL?,?NULL?,?NULL?,?NULL?
2021/1/1 0:00:00,?NULL?,?NULL?,171,normal,?NULL?,?NULL?,?NULL?,?NULL?,2021/1/1 0:00:00,?NULL?,2021/1/1 0:00:00,2021/1/1 0:00:00,?NULL?,1074,974,?NULL?,2,?NULL?,16,16,?NULL?,4,?NULL?,?NULL?,?NULL?,?NULL?,?NULL?,?NULL?,?NULL?,?NULL?,?NULL?,?NULL?,?NULL?,?NULL?,171,?NULL?,?NULL?,?NULL?,?NULL?,?NULL?,?NULL?,?NULL?,?NULL?,?NULL?,?NULL?,?NULL?,?NULL?,?NULL?,?NULL?,?NULL?,?NULL?,?NULL?,?NULL?,?NULL?,?NULL?,?NULL?,?NULL?,?NULL?,?NULL?,?NULL?,?NULL?,?NULL?,?NULL?,?NULL?,?NULL?,?NULL?,?NULL?,?NULL?,?NULL?,?NULL?,?NULL?
2021/1/1 0:00:00,?NULL?,?NULL?,172,normal,?NULL?,?NULL?,?NULL?,?NULL?,2021/1/1 0:00:00,?NULL?,2021/1/1 0:00:00,2021/1/1 0:00:00,?NULL?,987,887,?NULL?,2,?NULL?,16,16,?NULL?,4,?NULL?,?NULL?,?NULL?,?NULL?,?NULL?,?NULL?,?NULL?,?NULL?,?NULL?,?NULL?,?NULL?,?NULL?,172,?NULL?,?NULL?,?NULL?,?NULL?,?NULL?,?NULL?,?NULL?,?NULL?,?NULL?,?NULL?,?NULL?,?NULL?,?NULL?,?NULL?,?NULL?,?NULL?,?NULL?,?NULL?,?NULL?,?NULL?,?NULL?,?NULL?,?NULL?,?NULL?,?NULL?,?NULL?,?NULL?,?NULL?,?NULL?,?NULL?,?NULL?,?NULL?,?NULL?,?NULL?,?NULL?,?NULL?
2021/1/1 0:00:00,?NULL?,?NULL?,173,normal,?NULL?,?NULL?,?NULL?,?NULL?,2021/1/1 0:00:00,?NULL?,2021/1/1 0:00:00,2021/1/1 0:00:00,?NULL?,944,844,?NULL?,6,?NULL?,48,48,?NULL?,12,?NULL?,?NULL?,?NULL?,?NULL?,?NULL?,?NULL?,?NULL?,?NULL?,?NULL?,?NULL?,?NULL?,?NULL?,173,?NULL?,?NULL?,?NULL?,?NULL?,?NULL?,?NULL?,?NULL?,?NULL?,?NULL?,?NULL?,?NULL?,?NULL?,?NULL?,?NULL?,?NULL?,?NULL?,?NULL?,?NULL?,?NULL?,?NULL?,?NULL?,?NULL?,?NULL?,?NULL?,?NULL?,?NULL?,?NULL?,?NULL?,?NULL?,?NULL?,?NULL?,?NULL?,?NULL?,?NULL?,?NULL?,?NULL?
2021/1/1 0:00:00,?NULL?,?NULL?,174,normal,?NULL?,?NULL?,?NULL?,?NULL?,2021/1/1 0:00:00,?NULL?,2021/1/1 0:00:00,2021/1/1 0:00:00,?NULL?,1087,987,?NULL?,6,?NULL?,48,48,?NULL?,12,?NULL?,?NULL?,?NULL?,?NULL?,?NULL?,?NULL?,?NULL?,?NULL?,?NULL?,?NULL?,?NULL?,?NULL?,174,?NULL?,?NULL?,?NULL?,?NULL?,?NULL?,?NULL?,?NULL?,?NULL?,?NULL?,?NULL?,?NULL?,?NULL?,?NULL?,?NULL?,?NULL?,?NULL?,?NULL?,?NULL?,?NULL?,?NULL?,?NULL?,?NULL?,?NULL?,?NULL?,?NULL?,?NULL?,?NULL?,?NULL?,?NULL?,?NULL?,?NULL?,?NULL?,?NULL?,?NULL?,?NULL?,?NULL?
2021/1/1 0:00:00,?NULL?,?NULL?,175,normal,?NULL?,?NULL?,?NULL?,?NULL?,2021/1/1 0:00:00,?NULL?,2021/1/1 0:00:00,2021/1/1 0:00:00,?NULL?,1009,909,?NULL?,7,?NULL?,56,56,?NULL?,14,?NULL?,?NULL?,?NULL?,?NULL?,?NULL?,?NULL?,?NULL?,?NULL?,?NULL?,?NULL?,?NULL?,?NULL?,175,?NULL?,?NULL?,?NULL?,?NULL?,?NULL?,?NULL?,?NULL?,?NULL?,?NULL?,?NULL?,?NULL?,?NULL?,?NULL?,?NULL?,?NULL?,?NULL?,?NULL?,?NULL?,?NULL?,?NULL?,?NULL?,?NULL?,?NULL?,?NULL?,?NULL?,?NULL?,?NULL?,?NULL?,?NULL?,?NULL?,?NULL?,?NULL?,?NULL?,?NULL?,?NULL?,?NULL?
2021/1/1 0:00:00,?NULL?,?NULL?,176,normal,?NULL?,?NULL?,?NULL?,?NULL?,2021/1/1 0:00:00,?NULL?,2021/1/1 0:00:00,2021/1/1 0:00:00,?NULL?,704,604,?NULL?,5,?NULL?,40,40,?NULL?,10,?NULL?,?NULL?,?NULL?,?NULL?,?NULL?,?NULL?,?NULL?,?NULL?,?NULL?,?NULL?,?NULL?,?NULL?,176,?NULL?,?NULL?,?NULL?,?NULL?,?NULL?,?NULL?,?NULL?,?NULL?,?NULL?,?NULL?,?NULL?,?NULL?,?NULL?,?NULL?,?NULL?,?NULL?,?NULL?,?NULL?,?NULL?,?NULL?,?NULL?,?NULL?,?NULL?,?NULL?,?NULL?,?NULL?,?NULL?,?NULL?,?NULL?,?NULL?,?NULL?,?NULL?,?NULL?,?NULL?,?NULL?,?NULL?
2021/1/1 0:00:00,?NULL?,?NULL?,177,normal,?NULL?,?NULL?,?NULL?,?NULL?,2021/1/1 0:00:00,?NULL?,2021/1/1 0:00:00,2021/1/1 0:00:00,?NULL?,783,683,?NULL?,7,?NULL?,56,56,?NULL?,14,?NULL?,?NULL?,?NULL?,?NULL?,?NULL?,?NULL?,?NULL?,?NULL?,?NULL?,?NULL?,?NULL?,?NULL?,177,?NULL?,?NULL?,?NULL?,?NULL?,?NULL?,?NULL?,?NULL?,?NULL?,?NULL?,?NULL?,?NULL?,?NULL?,?NULL?,?NULL?,?NULL?,?NULL?,?NULL?,?NULL?,?NULL?,?NULL?,?NULL?,?NULL?,?NULL?,?NULL?,?NULL?,?NULL?,?NULL?,?NULL?,?NULL?,?NULL?,?NULL?,?NULL?,?NULL?,?NULL?,?NULL?,?NULL?
2021/1/1 0:00:00,?NULL?,?NULL?,178,normal,?NULL?,?NULL?,?NULL?,?NULL?,2021/1/1 0:00:00,?NULL?,2021/1/1 0:00:00,2021/1/1 0:00:00,?NULL?,1041,941,?NULL?,1,?NULL?,8,8,?NULL?,2,?NULL?,?NULL?,?NULL?,?NULL?,?NULL?,?NULL?,?NULL?,?NULL?,?NULL?,?NULL?,?NULL?,?NULL?,178,?NULL?,?NULL?,?NULL?,?NULL?,?NULL?,?NULL?,?NULL?,?NULL?,?NULL?,?NULL?,?NULL?,?NULL?,?NULL?,?NULL?,?NULL?,?NULL?,?NULL?,?NULL?,?NULL?,?NULL?,?NULL?,?NULL?,?NULL?,?NULL?,?NULL?,?NULL?,?NULL?,?NULL?,?NULL?,?NULL?,?NULL?,?NULL?,?NULL?,?NULL?,?NULL?,?NULL?
2021/1/1 0:00:00,?NULL?,?NULL?,179,normal,?NULL?,?NULL?,?NULL?,?NULL?,2021/1/1 0:00:00,?NULL?,2021/1/1 0:00:00,2021/1/1 0:00:00,?NULL?,920,820,?NULL?,1,?NULL?,8,8,?NULL?,2,?NULL?,?NULL?,?NULL?,?NULL?,?NULL?,?NULL?,?NULL?,?NULL?,?NULL?,?NULL?,?NULL?,?NULL?,179,?NULL?,?NULL?,?NULL?,?NULL?,?NULL?,?NULL?,?NULL?,?NULL?,?NULL?,?NULL?,?NULL?,?NULL?,?NULL?,?NULL?,?NULL?,?NULL?,?NULL?,?NULL?,?NULL?,?NULL?,?NULL?,?NULL?,?NULL?,?NULL?,?NULL?,?NULL?,?NULL?,?NULL?,?NULL?,?NULL?,?NULL?,?NULL?,?NULL?,?NULL?,?NULL?,?NULL?
2021/1/1 0:00:00,?NULL?,?NULL?,180,normal,?NULL?,?NULL?,?NULL?,?NULL?,2021/1/1 0:00:00,?NULL?,2021/1/1 0:00:00,2021/1/1 0:00:00,?NULL?,995,895,?NULL?,7,?NULL?,56,56,?NULL?,14,?NULL?,?NULL?,?NULL?,?NULL?,?NULL?,?NULL?,?NULL?,?NULL?,?NULL?,?NULL?,?NULL?,?NULL?,180,?NULL?,?NULL?,?NULL?,?NULL?,?NULL?,?NULL?,?NULL?,?NULL?,?NULL?,?NULL?,?NULL?,?NULL?,?NULL?,?NULL?,?NULL?,?NULL?,?NULL?,?NULL?,?NULL?,?NULL?,?NULL?,?NULL?,?NULL?,?NULL?,?NULL?,?NULL?,?NULL?,?NULL?,?NULL?,?NULL?,?NULL?,?NULL?,?NULL?,?NULL?,?NULL?,?NULL?
2021/1/1 0:00:00,?NULL?,?NULL?,181,normal,?NULL?,?NULL?,?NULL?,?NULL?,2021/1/1 0:00:00,?NULL?,2021/1/1 0:00:00,2021/1/1 0:00:00,?NULL?,789,689,?NULL?,3,?NULL?,24,24,?NULL?,6,?NULL?,?NULL?,?NULL?,?NULL?,?NULL?,?NULL?,?NULL?,?NULL?,?NULL?,?NULL?,?NULL?,?NULL?,181,?NULL?,?NULL?,?NULL?,?NULL?,?NULL?,?NULL?,?NULL?,?NULL?,?NULL?,?NULL?,?NULL?,?NULL?,?NULL?,?NULL?,?NULL?,?NULL?,?NULL?,?NULL?,?NULL?,?NULL?,?NULL?,?NULL?,?NULL?,?NULL?,?NULL?,?NULL?,?NULL?,?NULL?,?NULL?,?NULL?,?NULL?,?NULL?,?NULL?,?NULL?,?NULL?,?NULL?
2021/1/1 0:00:00,?NULL?,?NULL?,182,normal,?NULL?,?NULL?,?NULL?,?NULL?,2021/1/1 0:00:00,?NULL?,2021/1/1 0:00:00,2021/1/1 0:00:00,?NULL?,1003,903,?NULL?,6,?NULL?,48,48,?NULL?,12,?NULL?,?NULL?,?NULL?,?NULL?,?NULL?,?NULL?,?NULL?,?NULL?,?NULL?,?NULL?,?NULL?,?NULL?,182,?NULL?,?NULL?,?NULL?,?NULL?,?NULL?,?NULL?,?NULL?,?NULL?,?NULL?,?NULL?,?NULL?,?NULL?,?NULL?,?NULL?,?NULL?,?NULL?,?NULL?,?NULL?,?NULL?,?NULL?,?NULL?,?NULL?,?NULL?,?NULL?,?NULL?,?NULL?,?NULL?,?NULL?,?NULL?,?NULL?,?NULL?,?NULL?,?NULL?,?NULL?,?NULL?,?NULL?
2021/1/1 0:00:00,?NULL?,?NULL?,183,normal,?NULL?,?NULL?,?NULL?,?NULL?,2021/1/1 0:00:00,?NULL?,2021/1/1 0:00:00,2021/1/1 0:00:00,?NULL?,169,69,?NULL?,2,?NULL?,16,16,?NULL?,4,?NULL?,?NULL?,?NULL?,?NULL?,?NULL?,?NULL?,?NULL?,?NULL?,?NULL?,?NULL?,?NULL?,?NULL?,183,?NULL?,?NULL?,?NULL?,?NULL?,?NULL?,?NULL?,?NULL?,?NULL?,?NULL?,?NULL?,?NULL?,?NULL?,?NULL?,?NULL?,?NULL?,?NULL?,?NULL?,?NULL?,?NULL?,?NULL?,?NULL?,?NULL?,?NULL?,?NULL?,?NULL?,?NULL?,?NULL?,?NULL?,?NULL?,?NULL?,?NULL?,?NULL?,?NULL?,?NULL?,?NULL?,?NULL?
2021/1/1 00:00:30,?NULL?,?NULL?,184,urgent,?NULL?,?NULL?,?NULL?,?NULL?,2021/1/1 00:00:30,?NULL?,2021/1/1 00:00:30,2021/1/1 00:00:30,?NULL?,1235.5121285714288,1135.5121285714288,?NULL?,18,?NULL?,144,144,?NULL?,36,?NULL?,?NULL?,?NULL?,?NULL?,?NULL?,?NULL?,?NULL?,?NULL?,?NULL?,?NULL?,?NULL?,?NULL?,1,?NULL?,?NULL?,?NULL?,?NULL?,?NULL?,?NULL?,?NULL?,?NULL?,?NULL?,?NULL?,?NULL?,?NULL?,?NULL?,?NULL?,?NULL?,?NULL?,?NULL?,?NULL?,?NULL?,?NULL?,?NULL?,?NULL?,?NULL?,?NULL?,?NULL?,?NULL?,?NULL?,?NULL?,?NULL?,?NULL?,?NULL?,?NULL?,?NULL?,?NULL?,?NULL?,?NULL?
2021/1/1 00:01:00,?NULL?,?NULL?,185,urgent,?NULL?,?NULL?,?NULL?,?NULL?,2021/1/1 00:01:00,?NULL?,2021/1/1 00:01:00,2021/1/1 00:01:00,?NULL?,1235.5121285714288,1135.5121285714288,?NULL?,18,?NULL?,144,144,?NULL?,36,?NULL?,?NULL?,?NULL?,?NULL?,?NULL?,?NULL?,?NULL?,?NULL?,?NULL?,?NULL?,?NULL?,?NULL?,2,?NULL?,?NULL?,?NULL?,?NULL?,?NULL?,?NULL?,?NULL?,?NULL?,?NULL?,?NULL?,?NULL?,?NULL?,?NULL?,?NULL?,?NULL?,?NULL?,?NULL?,?NULL?,?NULL?,?NULL?,?NULL?,?NULL?,?NULL?,?NULL?,?NULL?,?NULL?,?NULL?,?NULL?,?NULL?,?NULL?,?NULL?,?NULL?,?NULL?,?NULL?,?NULL?,?NULL?
